postcode,population
AL1  1,5453
AL1  2,6523
AL1  3,4179
AL1  4,9799
AL1  5,10226
AL10 0,9935
AL10 8,10998
AL10 9,14967
AL2  1,9507
AL2  2,6130
AL2  3,7967
AL3  4,5565
AL3  5,8831
AL3  6,4281
AL3  7,5344
AL3  8,4441
AL4  0,9308
AL4  8,6509
AL4  9,11451
AL5  1,6090
AL5  2,4676
AL5  3,4659
AL5  4,6450
AL5  5,8365
AL6  0,6434
AL6  9,4788
AL7  1,5761
AL7  2,7395
AL7  3,10114
AL7  4,10620
AL8  6,5869
AL8  7,7383
AL9  5,2085
AL9  6,1427
AL9  7,6897
B1   1,4099
B1   2,2897
B1   3,993
B10  0,8206
B10  9,17702
B11  1,11688
B11  2,3479
B11  3,17242
B11  4,12295
B12  0,4129
B12  8,8748
B12  9,7878
B13  0,13458
B13  8,7678
B13  9,15681
B14  4,12710
B14  5,10926
B14  6,12143
B14  7,7634
B15  1,2582
B15  2,9675
B15  3,5964
B16  0,10022
B16  8,6754
B16  9,6994
B17  0,8835
B17  8,9118
B17  9,7610
B18  4,6676
B18  5,5132
B18  6,1890
B18  7,2585
B19  1,8818
B19  2,7537
B19  3,3713
B2   4,451
B2   5,165
B20  1,8296
B20  2,10818
B20  3,14975
B21  0,10012
B21  8,9576
B21  9,10738
B23  5,15189
B23  6,11113
B23  7,16568
B24  0,10567
B24  8,8028
B24  9,10275
B25  8,16005
B26  1,10895
B26  2,11456
B26  3,10475
B27  6,9604
B27  7,15230
B28  0,14567
B28  8,7734
B28  9,7735
B29  4,6122
B29  5,10203
B29  6,13598
B29  7,12101
B3   1,2441
B3   2,133
B30  1,10109
B30  2,11521
B30  3,7454
B31  1,11388
B31  2,12076
B31  3,11150
B31  4,9928
B31  5,9760
B32  1,9377
B32  2,12079
B32  3,11942
B32  4,5120
B33  0,10462
B33  8,11937
B33  9,12114
B34  6,11167
B34  7,8160
B35  6,4240
B35  7,5731
B36  0,12698
B36  8,12779
B36  9,9274
B37  5,9965
B37  6,11857
B37  7,13906
B38  0,2084
B38  8,9201
B38  9,10069
B4   6,340
B4   7,4343
B42  1,10974
B42  2,13393
B43  5,10947
B43  6,6541
B43  7,10953
B44  0,15427
B44  8,10020
B44  9,11644
B45  0,7143
B45  8,10605
B45  9,12437
B46  1,7223
B46  2,2147
B46  3,2702
B47  5,6596
B47  6,2759
B48  7,5796
B49  5,4344
B49  6,5845
B5   4,2134
B5   5,865
B5   6,222
B5   7,8762
B50  4,5350
B6   4,1090
B6   5,4388
B6   6,11456
B6   7,2730
B60  1,7692
B60  2,7881
B60  3,9030
B60  4,3348
B61  0,10028
B61  7,5187
B61  8,5803
B61  9,2452
B62  0,6307
B62  8,8042
B62  9,10052
B63  1,5920
B63  2,12109
B63  3,7834
B63  4,10568
B64  5,3740
B64  6,6879
B64  7,5909
B65  0,5899
B65  8,7767
B65  9,10104
B66  1,3650
B66  2,1588
B66  3,7268
B66  4,8828
B67  5,9923
B67  6,10540
B67  7,9924
B68  0,9240
B68  8,9686
B68  9,11662
B69  1,14938
B69  2,5166
B69  3,3550
B69  4,5304
B7   4,3586
B7   5,4960
B70  0,6915
B70  6,6871
B70  7,3039
B70  8,3915
B70  9,7252
B71  1,8545
B71  2,10140
B71  3,8645
B71  4,3660
B72  1,9569
B73  5,13303
B73  6,9498
B74  2,9906
B74  3,11322
B74  4,11242
B75  5,8079
B75  6,8894
B75  7,9714
B76  0,378
B76  1,11672
B76  2,6525
B76  9,3076
B77  1,10716
B77  2,14627
B77  3,8833
B77  4,14200
B77  5,8937
B78  1,10197
B78  2,4379
B78  3,9798
B79  0,3210
B79  7,6117
B79  8,10494
B79  9,2305
B8   1,10570
B8   2,15262
B8   3,16097
B80  7,7060
B9   4,4358
B9   5,20545
B90  1,10555
B90  2,12790
B90  3,10416
B90  4,11598
B91  1,10876
B91  2,11752
B91  3,10538
B92  0,3980
B92  7,12664
B92  8,12428
B92  9,8173
B93  0,3467
B93  8,7783
B93  9,8456
B94  5,3870
B94  6,3510
B95  5,3908
B95  6,1755
B96  6,5073
B97  4,5757
B97  5,16741
B97  6,10996
B98  0,14516
B98  7,19783
B98  8,9422
B98  9,6337
BA1  1,1875
BA1  2,6533
BA1  3,7564
BA1  4,5319
BA1  5,4524
BA1  6,8242
BA1  7,5514
BA1  8,904
BA1  9,248
BA10 0,3739
BA11 1,4992
BA11 2,10935
BA11 3,4944
BA11 4,6285
BA11 5,3424
BA11 6,1874
BA12 0,5660
BA12 6,4285
BA12 7,3068
BA12 8,8989
BA12 9,6506
BA13 2,1303
BA13 3,12876
BA13 4,6045
BA14 0,12465
BA14 6,5938
BA14 7,15181
BA14 8,5810
BA14 9,8744
BA15 1,9149
BA15 2,3990
BA16 0,10396
BA16 9,2645
BA2  0,4579
BA2  1,12851
BA2  2,10477
BA2  3,9376
BA2  4,6277
BA2  5,7220
BA2  6,6122
BA2  7,7173
BA2  8,7655
BA2  9,2022
BA20 1,2173
BA20 2,8692
BA21 3,15100
BA21 4,8900
BA21 5,9619
BA22 7,3881
BA22 8,8965
BA22 9,5320
BA3  2,9801
BA3  3,10411
BA3  4,7556
BA3  5,6942
BA4  4,5159
BA4  5,8299
BA4  6,4317
BA5  1,6065
BA5  2,7253
BA5  3,4216
BA6  8,6437
BA6  9,6433
BA7  7,3514
BA8  0,4153
BA9  8,1484
BA9  9,5758
BB1  1,12317
BB1  2,9179
BB1  3,2784
BB1  4,6625
BB1  5,7773
BB1  6,3458
BB1  7,4369
BB1  8,9813
BB1  9,10227
BB10 1,8813
BB10 2,10448
BB10 3,7988
BB10 4,10183
BB11 2,5203
BB11 3,4093
BB11 4,6065
BB11 5,6860
BB12 0,8089
BB12 6,8530
BB12 7,7169
BB12 8,7891
BB12 9,2934
BB18 5,7710
BB18 6,9469
BB2  1,5685
BB2  2,4447
BB2  3,9919
BB2  4,15182
BB2  5,7070
BB2  6,10432
BB2  7,7189
BB3  0,9303
BB3  1,6392
BB3  2,9402
BB3  3,9406
BB4  4,7473
BB4  5,6006
BB4  6,7795
BB4  7,5874
BB4  8,8676
BB4  9,5577
BB5  0,9702
BB5  1,4946
BB5  2,7686
BB5  3,7911
BB5  4,8846
BB5  5,11513
BB5  6,10498
BB6  7,10800
BB6  8,3859
BB7  1,7591
BB7  2,7177
BB7  3,3067
BB7  4,5080
BB7  9,8784
BB8  0,6062
BB8  7,4630
BB8  8,5092
BB8  9,7257
BB9  0,12189
BB9  5,6357
BB9  6,4788
BB9  7,6726
BB9  8,8116
BB9  9,6422
BD1  1,384
BD1  2,370
BD1  3,1575
BD1  4,751
BD1  5,756
BD10 0,8834
BD10 8,10627
BD10 9,6421
BD11 1,5528
BD11 2,5827
BD12 0,5308
BD12 7,1901
BD12 8,4908
BD12 9,4568
BD13 1,3967
BD13 2,7657
BD13 3,6934
BD13 4,3489
BD13 5,2932
BD14 6,8871
BD15 0,4248
BD15 7,8060
BD15 9,3008
BD16 1,9433
BD16 2,3422
BD16 3,5776
BD16 4,7172
BD17 5,8187
BD17 6,6188
BD17 7,3526
BD18 1,7192
BD18 2,6828
BD18 3,5448
BD18 4,7790
BD19 3,5989
BD19 4,9436
BD19 5,2646
BD19 6,3948
BD2  1,8149
BD2  2,4754
BD2  3,7927
BD2  4,7736
BD20 0,6137
BD20 5,7284
BD20 6,7399
BD20 7,4908
BD20 8,5509
BD20 9,4078
BD21 1,6041
BD21 2,7158
BD21 3,3931
BD21 4,7373
BD21 5,2630
BD22 0,4465
BD22 6,7683
BD22 7,9056
BD22 8,4270
BD22 9,4375
BD23 1,5900
BD23 2,8348
BD23 3,4100
BD23 4,3569
BD23 5,3485
BD23 6,3927
BD24 0,2003
BD24 9,3128
BD3  0,9775
BD3  7,7518
BD3  8,9087
BD3  9,7641
BD4  0,6698
BD4  6,7253
BD4  7,4767
BD4  8,6867
BD4  9,5633
BD5  0,7093
BD5  7,6312
BD5  8,7748
BD5  9,10488
BD6  1,9491
BD6  2,7616
BD6  3,12965
BD7  1,6140
BD7  2,11830
BD7  3,8650
BD7  4,8725
BD8  0,7933
BD8  7,6679
BD8  8,6659
BD8  9,10231
BD9  4,9552
BD9  5,10933
BD9  6,8824
BH1  1,2648
BH1  2,1096
BH1  3,6470
BH1  4,9090
BH10 4,4123
BH10 5,7037
BH10 6,5043
BH10 7,3859
BH11 8,9887
BH11 9,10023
BH12 1,6253
BH12 2,7955
BH12 3,8011
BH12 4,8709
BH12 5,4343
BH13 6,4570
BH13 7,3751
BH14 0,7000
BH14 8,9262
BH14 9,7170
BH15 1,6176
BH15 2,6073
BH15 3,11277
BH15 4,9526
BH16 5,10947
BH16 6,4888
BH17 7,8904
BH17 8,7525
BH17 9,6554
BH18 8,4652
BH18 9,6476
BH19 1,4077
BH19 2,5524
BH19 3,1916
BH2  5,4479
BH2  6,3866
BH20 4,5496
BH20 5,3940
BH20 6,5953
BH20 7,4565
BH21 1,10432
BH21 2,9008
BH21 3,10677
BH21 4,2220
BH21 5,2407
BH21 6,1492
BH21 7,3813
BH21 8,522
BH22 0,7561
BH22 8,10856
BH22 9,8374
BH23 1,5592
BH23 2,12055
BH23 3,8891
BH23 4,9687
BH23 5,6849
BH23 6,501
BH23 7,4485
BH23 8,4758
BH24 1,10473
BH24 2,6859
BH24 3,4879
BH24 4,1384
BH25 5,12352
BH25 6,6598
BH25 7,6767
BH3  7,5740
BH31 6,10168
BH31 7,3192
BH4  8,5323
BH4  9,4059
BH5  1,6383
BH5  2,4863
BH6  3,9043
BH6  4,3617
BH6  5,9539
BH7  6,8130
BH7  7,3690
BH8  0,7307
BH8  8,12631
BH8  9,8077
BH9  1,12693
BH9  2,8878
BH9  3,10048
BL0  0,5575
BL0  9,12178
BL1  1,413
BL1  2,4243
BL1  3,9919
BL1  4,9093
BL1  5,12151
BL1  6,8641
BL1  7,8374
BL1  8,10965
BL2  1,3922
BL2  2,8402
BL2  3,8526
BL2  4,4708
BL2  5,9312
BL2  6,10663
BL3  1,12315
BL3  2,9408
BL3  3,14867
BL3  4,14244
BL3  5,7974
BL3  6,5470
BL4  0,10178
BL4  7,6773
BL4  8,8127
BL4  9,8372
BL5  1,2664
BL5  2,12536
BL5  3,11840
BL6  4,5996
BL6  5,10071
BL6  6,6889
BL6  7,6472
BL7  0,3180
BL7  8,687
BL7  9,11092
BL8  1,12753
BL8  2,10344
BL8  3,8287
BL8  4,4413
BL9  0,2526
BL9  5,6689
BL9  6,8736
BL9  7,9964
BL9  8,9409
BL9  9,10898
BN1  1,2003
BN1  2,4947
BN1  3,10243
BN1  4,8809
BN1  5,10150
BN1  6,17167
BN1  7,8422
BN1  8,14489
BN1  9,8545
BN10 7,9126
BN10 8,9453
BN11 1,4628
BN11 2,9066
BN11 3,4200
BN11 4,8956
BN11 5,6428
BN12 4,7807
BN12 5,4415
BN12 6,7905
BN13 1,8137
BN13 2,10512
BN13 3,8887
BN14 0,5739
BN14 7,10779
BN14 8,6774
BN14 9,7444
BN15 0,8486
BN15 8,7801
BN15 9,11084
BN16 1,6626
BN16 2,6920
BN16 3,8060
BN16 4,6728
BN17 5,6494
BN17 6,13671
BN17 7,8127
BN18 0,8600
BN18 9,4868
BN2  0,6966
BN2  1,10122
BN2  3,12387
BN2  4,16183
BN2  5,12830
BN2  6,9793
BN2  7,4375
BN2  8,8561
BN2  9,11526
BN20 0,1620
BN20 7,5862
BN20 8,8331
BN20 9,5138
BN21 1,6943
BN21 2,9050
BN21 3,5506
BN21 4,4276
BN22 0,9479
BN22 7,4774
BN22 8,10355
BN22 9,7638
BN23 5,6273
BN23 6,6715
BN23 7,7246
BN23 8,8068
BN24 5,6255
BN24 6,3036
BN25 1,4666
BN25 2,7255
BN25 3,8838
BN25 4,2812
BN26 5,6296
BN26 6,5130
BN27 1,6219
BN27 2,5172
BN27 3,10992
BN27 4,4459
BN3  1,10441
BN3  2,6869
BN3  3,12625
BN3  4,7776
BN3  5,11938
BN3  6,11499
BN3  7,10367
BN3  8,7998
BN41 1,6557
BN41 2,14358
BN42 4,9991
BN43 5,11302
BN43 6,11190
BN44 3,10125
BN45 7,669
BN5  9,7106
BN6  8,8684
BN6  9,8716
BN7  1,8670
BN7  2,8333
BN7  3,4187
BN8  4,5969
BN8  5,6121
BN8  6,4220
BN9  0,3931
BN9  9,9546
BR1  1,475
BR1  2,11771
BR1  3,12689
BR1  4,14203
BR1  5,17193
BR2  0,11719
BR2  6,2332
BR2  7,9093
BR2  8,10727
BR2  9,10969
BR3  1,8987
BR3  3,13060
BR3  4,12874
BR3  5,6772
BR3  6,5631
BR4  0,9058
BR4  9,9928
BR5  1,11828
BR5  2,12838
BR5  3,10607
BR5  4,10439
BR6  0,9444
BR6  6,6647
BR6  7,7890
BR6  8,8225
BR6  9,14622
BR7  5,6610
BR7  6,10690
BR8  7,14884
BR8  8,7088
BS1  1,1210
BS1  2,542
BS1  3,2366
BS1  4,529
BS1  5,3157
BS1  6,4187
BS10 5,9500
BS10 6,10223
BS10 7,7882
BS11 0,9574
BS11 9,7780
BS13 0,7542
BS13 7,8316
BS13 8,7339
BS13 9,6388
BS14 0,8866
BS14 8,7765
BS14 9,11524
BS15 1,11936
BS15 3,8812
BS15 4,11104
BS15 8,7373
BS15 9,8102
BS16 1,12172
BS16 2,9075
BS16 3,6854
BS16 4,9181
BS16 5,9998
BS16 6,10598
BS16 7,7880
BS16 9,10150
BS2  0,2919
BS2  8,5953
BS2  9,6727
BS20 0,4828
BS20 6,7966
BS20 7,11362
BS20 8,5847
BS21 5,4861
BS21 6,8926
BS21 7,9496
BS22 6,7979
BS22 7,10339
BS22 8,10599
BS22 9,8525
BS23 1,4940
BS23 2,9195
BS23 3,12214
BS23 4,7647
BS24 0,2039
BS24 6,359
BS24 7,8306
BS24 8,2166
BS24 9,5971
BS25 1,4616
BS25 5,1616
BS26 2,5127
BS27 3,7081
BS28 4,3318
BS29 6,2919
BS3  1,8891
BS3  2,6065
BS3  3,6157
BS3  4,7639
BS3  5,8009
BS30 5,5040
BS30 6,3509
BS30 7,3666
BS30 8,10295
BS30 9,7850
BS31 1,7446
BS31 2,8481
BS31 3,4073
BS32 0,7373
BS32 4,4380
BS32 8,8354
BS32 9,4651
BS34 5,8122
BS34 6,6295
BS34 7,7057
BS34 8,8316
BS35 1,6608
BS35 2,6436
BS35 3,3058
BS35 4,4888
BS35 5,650
BS36 1,6242
BS36 2,9201
BS37 4,8102
BS37 5,7723
BS37 6,8025
BS37 7,6952
BS37 8,6452
BS37 9,807
BS39 4,2593
BS39 5,4563
BS39 6,3005
BS39 7,5302
BS4  1,12962
BS4  2,9948
BS4  3,8856
BS4  4,12382
BS4  5,3811
BS40 5,4496
BS40 6,2249
BS40 7,1571
BS40 8,3833
BS40 9,637
BS41 8,829
BS41 9,5254
BS48 1,5537
BS48 2,6848
BS48 3,5537
BS48 4,5486
BS49 4,8454
BS49 5,3497
BS5  0,8743
BS5  6,13181
BS5  7,10919
BS5  8,9587
BS5  9,9913
BS6  5,10728
BS6  6,12944
BS6  7,10009
BS7  0,15411
BS7  8,10257
BS7  9,15265
BS8  1,4869
BS8  2,7248
BS8  3,5193
BS8  4,8792
BS9  1,8381
BS9  2,6600
BS9  3,8540
BS9  4,7432
CA1  1,2218
CA1  2,11104
CA1  3,10938
CA10 1,5757
CA10 2,3286
CA10 3,4580
CA11 0,4416
CA11 7,3561
CA11 8,7907
CA11 9,6475
CA12 4,4758
CA12 5,3268
CA13 0,8597
CA13 9,6409
CA14 1,8434
CA14 2,5050
CA14 3,8500
CA14 4,6518
CA14 5,7297
CA15 6,4469
CA15 7,6771
CA15 8,4978
CA16 6,6175
CA17 4,4873
CA18 1,328
CA19 1,1069
CA2  4,10325
CA2  5,7578
CA2  6,9233
CA2  7,12299
CA20 1,3355
CA21 2,1017
CA22 2,8887
CA23 3,1424
CA24 3,1266
CA25 5,6183
CA26 3,3868
CA27 0,1644
CA28 6,9888
CA28 7,2798
CA28 8,8811
CA28 9,7095
CA3  0,6066
CA3  8,331
CA3  9,7618
CA4  0,3198
CA4  8,5631
CA4  9,850
CA5  6,3815
CA5  7,3299
CA6  4,4197
CA6  5,3336
CA6  6,1561
CA7  0,1710
CA7  1,1448
CA7  2,2690
CA7  3,2941
CA7  4,4087
CA7  5,1933
CA7  8,1893
CA7  9,5831
CA8  1,4745
CA8  2,1912
CA8  7,1431
CA8  9,2226
CA9  3,2088
CB1  1,3643
CB1  2,7603
CB1  3,18497
CB1  7,4396
CB1  8,5656
CB1  9,9443
CB10 1,4610
CB10 2,8887
CB11 3,9635
CB11 4,8412
CB2  0,1173
CB2  1,7559
CB2  3,2283
CB2  7,495
CB2  8,3875
CB2  9,3153
CB21 4,8505
CB21 5,5556
CB21 6,1565
CB22 3,7765
CB22 4,4311
CB22 5,7617
CB22 6,1232
CB22 7,3100
CB23 1,2656
CB23 2,1961
CB23 3,3452
CB23 4,1081
CB23 5,2337
CB23 6,5849
CB23 7,8509
CB23 8,5040
CB24 3,4184
CB24 4,3319
CB24 5,6877
CB24 6,4251
CB24 8,6543
CB24 9,7866
CB25 0,8216
CB25 9,10048
CB3  0,8737
CB3  9,7533
CB4  1,15887
CB4  2,14379
CB4  3,11632
CB5  8,11036
CB6  1,12422
CB6  2,11941
CB6  3,14012
CB7  4,8619
CB7  5,17997
CB8  0,9676
CB8  7,6488
CB8  8,9159
CB8  9,7918
CB9  0,8371
CB9  7,9770
CB9  8,6076
CB9  9,8654
CH1  1,900
CH1  2,949
CH1  3,3633
CH1  4,6733
CH1  5,13407
CH1  6,4938
CH2  1,9382
CH2  2,7705
CH2  3,9639
CH2  4,7595
CH3  5,12255
CH3  6,4832
CH3  7,6872
CH3  8,3991
CH3  9,4060
CH4  0,10233
CH4  7,7050
CH4  8,11474
CH4  9,3540
CH41 0,3637
CH41 1,526
CH41 2,2943
CH41 3,1286
CH41 4,2994
CH41 5,738
CH41 6,147
CH41 7,2241
CH41 8,2528
CH41 9,1627
CH42 0,2712
CH42 1,3342
CH42 2,2209
CH42 3,2641
CH42 4,3930
CH42 5,3073
CH42 6,4402
CH42 7,2307
CH42 8,2521
CH42 9,3919
CH43 0,5411
CH43 1,2750
CH43 2,4378
CH43 3,2596
CH43 4,2866
CH43 5,3573
CH43 6,1718
CH43 7,5742
CH43 8,1730
CH43 9,8152
CH44 0,3111
CH44 1,2764
CH44 2,2766
CH44 3,2470
CH44 4,4346
CH44 5,3069
CH44 6,2581
CH44 7,1807
CH44 8,3180
CH44 9,3820
CH45 0,1675
CH45 1,2787
CH45 2,2531
CH45 3,2549
CH45 4,3881
CH45 5,4846
CH45 6,2509
CH45 7,3467
CH45 8,4498
CH45 9,2112
CH46 0,3699
CH46 1,2755
CH46 2,2699
CH46 3,1835
CH46 5,523
CH46 6,5372
CH46 7,2665
CH46 8,3033
CH46 9,2899
CH47 0,628
CH47 1,665
CH47 2,2103
CH47 3,2305
CH47 4,933
CH47 5,788
CH47 6,916
CH47 7,1244
CH47 9,1327
CH48 0,1764
CH48 1,899
CH48 2,1367
CH48 3,1381
CH48 4,812
CH48 5,2694
CH48 6,2089
CH48 7,617
CH48 8,1301
CH48 9,2282
CH49 0,1747
CH49 1,2453
CH49 2,3664
CH49 3,3294
CH49 4,5099
CH49 5,1557
CH49 6,4085
CH49 7,2287
CH49 8,2699
CH49 9,1892
CH5  1,8576
CH5  2,7286
CH5  3,9889
CH5  4,16774
CH6  5,13187
CH6  6,3931
CH60 0,1280
CH60 1,1892
CH60 2,1510
CH60 3,1018
CH60 4,790
CH60 5,1928
CH60 6,1267
CH60 7,1215
CH60 8,970
CH60 9,1214
CH61 0,498
CH61 1,1220
CH61 2,619
CH61 3,1576
CH61 4,2867
CH61 5,2599
CH61 6,2406
CH61 7,1923
CH61 8,2154
CH61 9,1728
CH62 0,1094
CH62 1,3131
CH62 2,3535
CH62 3,1162
CH62 4,1890
CH62 5,2331
CH62 6,3919
CH62 7,3453
CH62 8,4862
CH62 9,3355
CH63 0,4629
CH63 1,307
CH63 2,5002
CH63 3,4382
CH63 4,328
CH63 5,4120
CH63 6,533
CH63 7,3936
CH63 8,2977
CH63 9,4383
CH64 0,2874
CH64 1,1428
CH64 2,1197
CH64 3,1997
CH64 4,2756
CH64 5,922
CH64 6,2928
CH64 7,292
CH64 8,153
CH64 9,4374
CH65 0,1176
CH65 2,2588
CH65 3,1138
CH65 4,878
CH65 5,3385
CH65 6,3195
CH65 7,3659
CH65 8,4688
CH65 9,5664
CH66 1,6055
CH66 2,12803
CH66 3,6076
CH66 4,8583
CH66 5,1004
CH66 6,385
CH66 7,186
CH7  1,10058
CH7  2,9549
CH7  3,6249
CH7  4,6061
CH7  5,6640
CH7  6,11509
CH8  7,9138
CH8  8,6200
CH8  9,5341
CM0  7,8332
CM0  8,7671
CM1  1,3582
CM1  2,15985
CM1  3,8527
CM1  4,13114
CM1  6,13344
CM1  7,8310
CM11 1,7237
CM11 2,11764
CM12 0,12334
CM12 9,7488
CM13 1,8383
CM13 2,10236
CM13 3,5875
CM14 4,10536
CM14 5,9210
CM15 0,8835
CM15 8,5759
CM15 9,8812
CM16 4,3688
CM16 5,3512
CM16 6,8034
CM16 7,6862
CM17 0,6859
CM17 9,14437
CM18 6,12859
CM18 7,11566
CM19 4,10841
CM19 5,7970
CM2  0,5299
CM2  6,14995
CM2  7,8423
CM2  8,14882
CM2  9,14653
CM20 1,6371
CM20 2,4013
CM20 3,11016
CM21 0,4308
CM21 9,6530
CM22 6,6840
CM22 7,6392
CM23 1,1552
CM23 2,7264
CM23 3,9337
CM23 4,13349
CM23 5,9113
CM24 8,6669
CM3  1,5614
CM3  2,5430
CM3  3,4913
CM3  4,9242
CM3  5,14894
CM3  6,9396
CM3  7,1559
CM3  8,3060
CM4  0,4575
CM4  9,5606
CM5  0,5402
CM5  9,5179
CM6  1,11691
CM6  2,6243
CM6  3,7250
CM7  1,9301
CM7  2,5528
CM7  3,11019
CM7  4,4231
CM7  5,9412
CM7  9,9252
CM77 6,2646
CM77 7,7451
CM77 8,5298
CM8  1,13990
CM8  2,11885
CM8  3,6932
CM9  4,8896
CM9  5,4265
CM9  6,11368
CM9  8,8996
CO1  1,4670
CO1  2,10318
CO10 0,13376
CO10 1,8320
CO10 2,4410
CO10 5,2263
CO10 7,6438
CO10 8,5356
CO10 9,6166
CO11 1,5643
CO11 2,7307
CO12 3,6974
CO12 4,11264
CO12 5,3977
CO13 0,8108
CO13 9,4002
CO14 8,6735
CO15 1,7233
CO15 2,6493
CO15 3,8623
CO15 4,8117
CO15 5,6741
CO15 6,5847
CO16 0,3036
CO16 7,4919
CO16 8,10919
CO16 9,5322
CO2  0,4480
CO2  7,9256
CO2  8,12673
CO2  9,8705
CO3  0,7681
CO3  3,8002
CO3  4,6662
CO3  8,828
CO3  9,4944
CO4  0,7230
CO4  3,17987
CO4  5,14008
CO4  9,8777
CO5  0,9875
CO5  7,4506
CO5  8,7449
CO5  9,6369
CO6  1,9693
CO6  2,6285
CO6  3,6185
CO6  4,5879
CO6  5,851
CO7  0,8076
CO7  6,5962
CO7  7,5487
CO7  8,5791
CO7  9,7637
CO8  5,2303
CO9  1,9398
CO9  2,6044
CO9  3,5616
CO9  4,4202
CR0  0,18285
CR0  1,8974
CR0  2,19388
CR0  3,18754
CR0  4,16782
CR0  5,10713
CR0  6,21899
CR0  7,16011
CR0  8,12934
CR0  9,10493
CR2  0,10999
CR2  6,10864
CR2  7,8235
CR2  8,11285
CR2  9,7084
CR3  0,4283
CR3  5,12701
CR3  6,9414
CR3  7,2141
CR4  1,17002
CR4  2,13403
CR4  3,18775
CR4  4,9622
CR5  1,10639
CR5  2,9162
CR5  3,9061
CR6  9,9843
CR7  6,9048
CR7  7,17686
CR7  8,17957
CR8  1,4855
CR8  2,8289
CR8  3,5004
CR8  4,6090
CR8  5,8307
CT1  1,14531
CT1  2,4296
CT1  3,11928
CT10 1,7056
CT10 2,10522
CT10 3,7325
CT11 0,7465
CT11 7,9169
CT11 8,5761
CT11 9,6811
CT12 4,3882
CT12 5,2742
CT12 6,11202
CT13 0,5957
CT13 9,2944
CT14 0,2960
CT14 6,5355
CT14 7,9173
CT14 8,2694
CT14 9,14874
CT15 4,3706
CT15 5,3289
CT15 6,2499
CT15 7,3744
CT16 1,3447
CT16 2,10592
CT16 3,5584
CT17 0,12301
CT17 9,9785
CT18 7,10823
CT18 8,3086
CT19 4,9199
CT19 5,10233
CT19 6,9435
CT2  0,5883
CT2  7,13510
CT2  8,7567
CT2  9,3758
CT20 1,7046
CT20 2,7545
CT20 3,7879
CT21 4,4377
CT21 5,6446
CT21 6,6324
CT3  1,5858
CT3  2,3365
CT3  3,4438
CT3  4,3623
CT4  5,4171
CT4  6,5127
CT4  7,5455
CT4  8,1880
CT5  1,7536
CT5  2,8245
CT5  3,6778
CT5  4,10509
CT6  5,7481
CT6  6,9818
CT6  7,12628
CT6  8,8636
CT7  0,4045
CT7  9,7414
CT8  8,7338
CT9  1,6759
CT9  2,10779
CT9  3,11077
CT9  4,3862
CT9  5,10977
CV1  1,437
CV1  2,6764
CV1  3,5001
CV1  4,8165
CV1  5,10814
CV10 0,12587
CV10 7,11078
CV10 8,11974
CV10 9,14244
CV11 4,12061
CV11 5,11114
CV11 6,16253
CV12 0,9099
CV12 8,10682
CV12 9,11825
CV13 0,6402
CV13 6,4312
CV2  1,12001
CV2  2,12524
CV2  3,13010
CV2  4,13683
CV2  5,11988
CV21 1,9843
CV21 2,7990
CV21 3,10227
CV21 4,7530
CV22 5,9369
CV22 6,10470
CV22 7,15494
CV23 0,9612
CV23 8,5613
CV23 9,6611
CV3  1,8880
CV3  2,16357
CV3  3,7874
CV3  4,4249
CV3  5,13479
CV3  6,12484
CV31 1,12171
CV31 2,12287
CV31 3,7072
CV32 4,3149
CV32 5,8230
CV32 6,7490
CV32 7,13827
CV33 9,6103
CV34 4,4831
CV34 5,14218
CV34 6,12296
CV35 0,5786
CV35 7,5310
CV35 8,5676
CV35 9,7837
CV36 4,6496
CV36 5,2790
CV37 0,6733
CV37 6,6679
CV37 7,8658
CV37 8,6969
CV37 9,11959
CV4  7,8878
CV4  8,8015
CV4  9,16477
CV47 0,2213
CV47 1,4354
CV47 2,5145
CV47 7,751
CV47 8,2491
CV47 9,2013
CV5  6,11915
CV5  7,11931
CV5  8,12346
CV5  9,9776
CV6  1,13817
CV6  2,12131
CV6  3,10834
CV6  4,13098
CV6  5,13469
CV6  6,10696
CV6  7,12477
CV7  7,10748
CV7  8,8542
CV7  9,8788
CV8  1,11021
CV8  2,13239
CV8  3,6771
CV9  1,5796
CV9  2,8988
CV9  3,6420
CW1  2,1508
CW1  3,17346
CW1  4,11655
CW1  5,10723
CW1  6,1147
CW10 0,7597
CW10 9,6764
CW11 1,7236
CW11 2,1889
CW11 3,7181
CW11 4,6309
CW12 1,3872
CW12 2,4934
CW12 3,10059
CW12 4,10360
CW2  5,8061
CW2  6,10648
CW2  7,9284
CW2  8,13127
CW3  0,2755
CW3  9,6324
CW4  7,5823
CW4  8,3555
CW5  5,7751
CW5  6,7412
CW5  7,9654
CW5  8,4464
CW6  0,7005
CW6  9,5155
CW7  1,9340
CW7  2,10816
CW7  3,9459
CW7  4,1839
CW8  1,8686
CW8  2,9087
CW8  3,7139
CW8  4,10378
CW9  5,3371
CW9  6,5661
CW9  7,10771
CW9  8,13344
DA1  1,9614
DA1  2,11763
DA1  3,12006
DA1  4,8370
DA1  5,10934
DA10 0,6746
DA11 0,8909
DA11 7,9009
DA11 8,10962
DA11 9,9179
DA12 1,6711
DA12 2,8904
DA12 3,2356
DA12 4,14437
DA12 5,14984
DA13 0,9007
DA13 9,5442
DA14 4,9774
DA14 5,4193
DA14 6,7216
DA15 7,5408
DA15 8,14900
DA15 9,9119
DA16 1,12574
DA16 2,14284
DA16 3,9054
DA17 5,10470
DA17 6,6634
DA18 4,4939
DA2  6,9647
DA2  7,11704
DA2  8,1643
DA3  7,7825
DA3  8,8923
DA4  0,3133
DA4  9,5929
DA5  1,6994
DA5  2,5262
DA5  3,8568
DA6  7,4244
DA6  8,5602
DA7  4,12266
DA7  5,12231
DA7  6,11043
DA8  1,13375
DA8  2,10921
DA8  3,10263
DA9  9,13089
DE1  1,5044
DE1  2,2422
DE1  3,6341
DE11 0,15296
DE11 7,9745
DE11 8,6022
DE11 9,12746
DE12 6,7566
DE12 7,9101
DE12 8,3795
DE13 0,18922
DE13 7,4128
DE13 8,7962
DE13 9,9584
DE14 1,2468
DE14 2,12501
DE14 3,13875
DE15 0,9676
DE15 9,14516
DE21 2,10435
DE21 4,13248
DE21 5,3623
DE21 6,17333
DE21 7,12377
DE22 1,6464
DE22 2,13622
DE22 3,17663
DE22 4,7862
DE22 5,933
DE23 1,8516
DE23 2,3042
DE23 3,6045
DE23 4,2686
DE23 6,18975
DE23 8,20636
DE24 0,15565
DE24 1,1010
DE24 3,6249
DE24 5,1287
DE24 8,16740
DE24 9,13672
DE3  0,7926
DE3  9,9082
DE4  2,9049
DE4  3,12089
DE4  4,6817
DE4  5,5211
DE45 1,8676
DE5  3,13279
DE5  8,3907
DE5  9,4847
DE55 1,6751
DE55 2,7161
DE55 3,3781
DE55 4,8558
DE55 5,8176
DE55 6,7312
DE55 7,9485
DE56 0,12408
DE56 1,13418
DE56 2,9172
DE56 4,5376
DE6  1,11115
DE6  2,5392
DE6  3,3518
DE6  4,1060
DE6  5,4508
DE65 5,11968
DE65 6,11488
DE7  4,12656
DE7  5,9980
DE7  6,10477
DE7  8,13685
DE7  9,3118
DE72 2,4120
DE72 3,16105
DE73 5,4815
DE73 6,6566
DE73 7,1799
DE73 8,5872
DE74 2,11491
DE75 7,18713
DH1  1,9337
DH1  2,8622
DH1  3,9701
DH1  4,7661
DH1  5,14544
DH2  1,10749
DH2  2,10239
DH2  3,9439
DH3  1,7331
DH3  2,5578
DH3  3,6677
DH3  4,6318
DH4  4,8240
DH4  5,6848
DH4  6,8944
DH4  7,9439
DH5  0,7166
DH5  8,5870
DH5  9,6498
DH6  1,6792
DH6  2,9222
DH6  3,5601
DH6  4,7027
DH6  5,4750
DH7  0,5646
DH7  6,8411
DH7  7,7936
DH7  8,9980
DH7  9,9402
DH8  0,6805
DH8  5,6301
DH8  6,6940
DH8  7,9034
DH8  8,6616
DH8  9,2855
DH9  0,4757
DH9  6,10256
DH9  7,7979
DH9  8,6866
DH9  9,6834
DL1  1,5013
DL1  2,11974
DL1  3,8602
DL1  4,14290
DL1  5,6492
DL10 4,5249
DL10 5,3414
DL10 6,2858
DL10 7,6903
DL11 6,2030
DL11 7,3278
DL12 0,2494
DL12 8,6802
DL12 9,3111
DL13 1,1481
DL13 2,3100
DL13 3,3119
DL13 4,3154
DL13 5,3304
DL14 0,6311
DL14 6,11580
DL14 7,4682
DL14 8,6803
DL14 9,7696
DL15 0,8730
DL15 8,5297
DL15 9,8470
DL16 6,11219
DL16 7,8597
DL17 0,4954
DL17 8,8942
DL17 9,3776
DL2  1,5868
DL2  2,7198
DL2  3,3914
DL3  0,15145
DL3  6,8624
DL3  7,4094
DL3  8,7742
DL3  9,9107
DL4  1,4942
DL4  2,5034
DL5  4,9515
DL5  5,6185
DL5  6,3997
DL5  7,9643
DL6  1,8869
DL6  2,3981
DL6  3,2665
DL7  0,3135
DL7  8,7726
DL7  9,5357
DL8  1,4562
DL8  2,4514
DL8  3,2928
DL8  4,3071
DL8  5,3575
DL9  3,7423
DL9  4,8436
DN1  1,307
DN1  2,6392
DN1  3,2036
DN10 4,5286
DN10 5,1631
DN10 6,5169
DN11 0,13537
DN11 8,8294
DN11 9,6521
DN12 1,7856
DN12 2,5928
DN12 3,5803
DN12 4,4532
DN14 0,7301
DN14 5,7850
DN14 6,12960
DN14 7,7172
DN14 8,4824
DN14 9,6135
DN15 0,1067
DN15 6,5106
DN15 7,8581
DN15 8,12187
DN15 9,9662
DN16 1,9044
DN16 2,8659
DN16 3,13964
DN17 1,12004
DN17 2,11511
DN17 3,7315
DN17 4,6358
DN18 5,8684
DN18 6,3033
DN19 7,6282
DN2  4,8183
DN2  5,8087
DN2  6,8281
DN20 0,6875
DN20 8,6812
DN20 9,5500
DN21 1,11713
DN21 2,6795
DN21 3,7346
DN21 4,5138
DN21 5,6229
DN22 0,4803
DN22 6,7447
DN22 7,14903
DN22 8,5826
DN22 9,3107
DN3  1,8327
DN3  2,11824
DN3  3,9918
DN31 1,1928
DN31 2,7481
DN31 3,210
DN32 0,6619
DN32 7,6663
DN32 8,8466
DN32 9,8509
DN33 1,7111
DN33 2,5126
DN33 3,7301
DN34 4,8407
DN34 5,10594
DN35 0,8606
DN35 7,11839
DN35 8,8185
DN35 9,5931
DN36 4,10848
DN36 5,8255
DN37 0,7975
DN37 7,3542
DN37 8,400
DN37 9,9828
DN38 6,3023
DN39 6,2846
DN4  0,10620
DN4  5,5407
DN4  6,11640
DN4  7,7766
DN4  8,7638
DN4  9,10344
DN40 1,5650
DN40 2,3992
DN40 3,2657
DN41 7,2940
DN41 8,3326
DN5  0,9827
DN5  7,8833
DN5  8,11474
DN5  9,10730
DN6  0,6283
DN6  7,10737
DN6  8,8688
DN6  9,5440
DN7  4,8354
DN7  5,7284
DN7  6,8972
DN8  4,9796
DN8  5,7499
DN9  1,8575
DN9  2,5039
DN9  3,6404
DT1  1,5930
DT1  2,10864
DT1  3,2266
DT10 1,6104
DT10 2,5737
DT11 0,7206
DT11 7,10325
DT11 8,7905
DT11 9,4720
DT2  0,3582
DT2  7,5738
DT2  8,7849
DT2  9,7657
DT3  4,5626
DT3  5,8977
DT3  6,8535
DT4  0,12649
DT4  7,7697
DT4  8,4597
DT4  9,12350
DT5  1,6580
DT5  2,6264
DT6  3,6302
DT6  4,5789
DT6  5,5928
DT6  6,3540
DT7  3,5696
DT8  3,6000
DT9  3,3568
DT9  4,5651
DT9  5,4950
DT9  6,6621
DY1  1,748
DY1  2,14344
DY1  3,11246
DY1  4,5793
DY10 1,7077
DY10 2,11110
DY10 3,10247
DY10 4,7380
DY11 5,9960
DY11 6,12434
DY11 7,7683
DY12 1,4960
DY12 2,5976
DY12 3,1369
DY13 0,6755
DY13 8,8832
DY13 9,6622
DY14 0,1775
DY14 8,3843
DY14 9,2911
DY2  0,11024
DY2  7,7648
DY2  8,7069
DY2  9,8720
DY3  1,9578
DY3  2,11240
DY3  3,11109
DY3  4,1803
DY4  0,13881
DY4  7,9825
DY4  8,11217
DY4  9,7923
DY5  1,6453
DY5  2,13659
DY5  3,13053
DY5  4,8733
DY6  0,4060
DY6  7,4124
DY6  8,10735
DY6  9,8570
DY7  5,2208
DY7  6,6092
DY8  1,5551
DY8  2,6038
DY8  3,12558
DY8  4,13351
DY8  5,13239
DY9  0,10867
DY9  7,4985
DY9  8,5929
DY9  9,8291
E1   0,11066
E1   1,6305
E1   2,7872
E1   3,7366
E1   4,15388
E1   5,11202
E1   6,4333
E1   7,2483
E1   8,4374
E10  5,14857
E10  6,16361
E10  7,11902
E11  1,11673
E11  2,11440
E11  3,16434
E11  4,15142
E12  5,16644
E12  6,25962
E13  0,19094
E13  8,13717
E13  9,14358
E14  0,10795
E14  2,1760
E14  3,17059
E14  4,468
E14  5,649
E14  6,12181
E14  7,12828
E14  8,12380
E14  9,14518
E15  1,13928
E15  2,10963
E15  3,14417
E15  4,12342
E16  1,11995
E16  2,9795
E16  3,14011
E16  4,9570
E17  3,12624
E17  4,16479
E17  5,17002
E17  6,17015
E17  7,11177
E17  8,15726
E17  9,13106
E18  1,7920
E18  2,11944
E1W  1,2506
E1W  2,4204
E1W  3,5718
E2   0,11253
E2   6,9423
E2   7,9106
E2   8,7539
E2   9,8490
E3   2,13970
E3   3,10681
E3   4,15169
E3   5,12551
E4   6,16960
E4   7,11697
E4   8,14418
E4   9,17282
E5   0,17276
E5   8,16080
E5   9,15136
E6   1,16731
E6   2,18102
E6   3,21007
E6   5,11066
E6   6,11884
E7   0,14800
E7   8,21075
E7   9,18258
E8   1,8368
E8   2,10061
E8   3,10444
E8   4,10387
E9   5,12702
E9   6,11561
E9   7,13505
EC1A 4,143
EC1A 7,393
EC1A 9,358
EC1M 3,428
EC1M 5,1105
EC1M 6,753
EC1M 7,187
EC1N 7,2011
EC1N 8,639
EC1R 0,1225
EC1R 1,1239
EC1R 3,298
EC1R 4,1422
EC1R 5,701
EC1V 0,2106
EC1V 1,223
EC1V 2,121
EC1V 3,3194
EC1V 4,1342
EC1V 7,2333
EC1V 8,1711
EC1V 9,1735
EC1Y 0,1216
EC1Y 2,204
EC1Y 4,325
EC1Y 8,2022
EC2A 3,483
EC2A 4,746
EC2Y 8,3249
EC3R 8,227
EC4A 1,151
EC4V 3,319
EC4V 5,276
EC4Y 7,320
EN1  1,12238
EN1  2,7094
EN1  3,12261
EN1  4,13404
EN10 6,10904
EN10 7,6132
EN11 0,6488
EN11 8,6633
EN11 9,8330
EN2  0,9548
EN2  6,4241
EN2  7,7240
EN2  8,7071
EN2  9,1609
EN3  4,11749
EN3  5,15971
EN3  6,19395
EN3  7,9958
EN4  0,5253
EN4  8,12276
EN4  9,8049
EN5  1,6783
EN5  2,13749
EN5  3,3505
EN5  4,5634
EN5  5,8400
EN6  1,6386
EN6  2,6924
EN6  3,5390
EN6  4,5181
EN6  5,5129
EN7  5,7447
EN7  6,14603
EN8  0,9579
EN8  7,6936
EN8  8,11174
EN8  9,8137
EN9  1,7754
EN9  2,4799
EN9  3,11080
EX1  1,1726
EX1  2,9195
EX1  3,10600
EX10 0,4638
EX10 8,3420
EX10 9,9149
EX11 1,7795
EX12 2,7096
EX12 3,1824
EX12 4,496
EX13 5,6997
EX13 7,3789
EX13 8,543
EX14 1,5958
EX14 2,5525
EX14 3,3799
EX14 4,2461
EX14 9,2944
EX15 1,8766
EX15 2,5881
EX15 3,6666
EX16 4,6179
EX16 5,4920
EX16 6,9691
EX16 7,4384
EX16 8,3909
EX16 9,3357
EX17 1,2185
EX17 2,2176
EX17 3,4362
EX17 4,3273
EX17 5,3320
EX17 6,4223
EX18 7,3117
EX19 8,3525
EX2  4,6190
EX2  5,8864
EX2  6,5456
EX2  7,5196
EX2  8,7809
EX2  9,7183
EX20 1,7898
EX20 2,4542
EX20 3,4457
EX20 4,3069
EX21 5,4620
EX22 6,5939
EX22 7,4806
EX23 0,3460
EX23 8,7401
EX23 9,4843
EX24 6,3789
EX3  0,4940
EX31 1,3560
EX31 2,6325
EX31 3,8170
EX31 4,7420
EX32 0,5336
EX32 7,6937
EX32 8,6266
EX32 9,5239
EX33 1,5362
EX33 2,4862
EX34 0,2687
EX34 7,1637
EX34 8,6457
EX34 9,6525
EX35 6,1647
EX36 3,3920
EX36 4,4557
EX37 9,3362
EX38 7,4488
EX38 8,3644
EX39 1,9389
EX39 2,3760
EX39 3,9009
EX39 4,6870
EX39 5,6224
EX39 6,1911
EX4  0,297
EX4  1,9206
EX4  2,7726
EX4  3,2148
EX4  4,8928
EX4  5,2990
EX4  6,8172
EX4  7,5260
EX4  8,6261
EX4  9,3723
EX5  1,3521
EX5  2,4779
EX5  3,2353
EX5  4,5055
EX5  5,2860
EX6  6,2793
EX6  7,4007
EX6  8,6873
EX7  0,5664
EX7  9,6768
EX8  1,7109
EX8  2,7664
EX8  3,5540
EX8  4,9532
EX8  5,7604
EX9  6,5185
EX9  7,1578
FY1  1,294
FY1  2,7870
FY1  3,4412
FY1  4,6528
FY1  5,6129
FY1  6,8401
FY2  0,14413
FY2  9,10146
FY3  0,1932
FY3  7,10503
FY3  8,9532
FY3  9,9988
FY4  1,8507
FY4  2,7805
FY4  3,10358
FY4  4,11958
FY4  5,5036
FY5  1,7947
FY5  2,12093
FY5  3,11154
FY5  4,8381
FY5  5,5241
FY6  0,7177
FY6  7,12715
FY6  8,5367
FY6  9,2744
FY7  6,6830
FY7  7,8967
FY7  8,10142
FY8  1,9332
FY8  2,8790
FY8  3,9816
FY8  4,10136
FY8  5,5979
GL1  1,1920
GL1  2,3794
GL1  3,5846
GL1  4,11963
GL1  5,10629
GL10 2,6858
GL10 3,7095
GL11 4,6187
GL11 5,8033
GL11 6,3919
GL12 7,6328
GL12 8,8717
GL13 9,5863
GL14 1,3804
GL14 2,8039
GL14 3,3879
GL15 4,4988
GL15 5,8776
GL15 6,6979
GL16 7,7116
GL16 8,6265
GL17 0,4537
GL17 9,6643
GL18 1,5999
GL18 2,1494
GL19 3,6644
GL19 4,3159
GL2  0,12031
GL2  2,4975
GL2  3,504
GL2  4,15690
GL2  5,3698
GL2  7,4760
GL2  8,3662
GL2  9,6499
GL20 5,7139
GL20 6,2835
GL20 7,7412
GL20 8,10847
GL3  1,6039
GL3  2,7419
GL3  3,8442
GL3  4,8592
GL4  0,12327
GL4  3,3248
GL4  4,10405
GL4  5,8878
GL4  6,10413
GL4  8,2537
GL5  1,7953
GL5  2,4534
GL5  3,4357
GL5  4,10516
GL5  5,3680
GL50 1,1007
GL50 2,8317
GL50 3,4247
GL50 4,8925
GL51 0,11984
GL51 3,10060
GL51 4,2413
GL51 6,7961
GL51 7,6501
GL51 8,6893
GL51 9,5708
GL52 2,4640
GL52 3,5567
GL52 5,8768
GL52 6,9425
GL52 7,1538
GL52 8,9509
GL52 9,3818
GL53 0,4129
GL53 7,6185
GL53 8,5344
GL53 9,4097
GL54 1,2982
GL54 2,5513
GL54 3,3687
GL54 4,2905
GL54 5,7059
GL55 6,5422
GL56 0,5159
GL56 9,3244
GL6  0,6366
GL6  6,3986
GL6  7,3775
GL6  8,6627
GL6  9,3706
GL7  1,13973
GL7  2,4922
GL7  3,4675
GL7  4,4359
GL7  5,7284
GL7  6,4833
GL7  7,2234
GL8  8,8541
GL9  1,2667
GU1  1,10647
GU1  2,8898
GU1  3,4646
GU1  4,4978
GU10 1,4581
GU10 2,2887
GU10 3,4437
GU10 4,6553
GU10 5,3780
GU11 1,6271
GU11 2,4626
GU11 3,12395
GU12 4,14535
GU12 5,7763
GU12 6,9181
GU14 0,8039
GU14 6,9418
GU14 7,6129
GU14 8,16241
GU14 9,15167
GU15 1,9935
GU15 2,9561
GU15 3,6729
GU15 4,8553
GU16 6,10274
GU16 7,2067
GU16 8,7653
GU16 9,3773
GU17 0,7195
GU17 9,3906
GU18 5,6791
GU19 5,5592
GU2  4,2782
GU2  7,10846
GU2  8,8305
GU2  9,12239
GU20 6,4392
GU21 2,11651
GU21 3,11100
GU21 4,9883
GU21 5,8575
GU21 6,2317
GU21 7,2064
GU21 8,4148
GU22 0,6979
GU22 7,8866
GU22 8,9655
GU22 9,7900
GU23 6,3842
GU23 7,3027
GU24 0,4963
GU24 8,4224
GU24 9,8658
GU25 4,5448
GU26 6,7475
GU27 1,6763
GU27 2,5039
GU27 3,5923
GU28 0,3772
GU28 9,2878
GU29 0,3206
GU29 9,5888
GU3  1,2442
GU3  2,2416
GU3  3,6213
GU30 7,9081
GU31 4,7643
GU31 5,3580
GU32 1,3312
GU32 2,3833
GU32 3,4824
GU33 6,1935
GU33 7,6507
GU34 1,6437
GU34 2,10206
GU34 3,2480
GU34 4,3912
GU34 5,6748
GU35 0,11209
GU35 8,5613
GU35 9,6246
GU4  7,10772
GU4  8,5122
GU46 6,11356
GU46 7,3473
GU47 0,10693
GU47 8,4389
GU47 9,3780
GU5  0,6971
GU5  9,4249
GU51 1,5183
GU51 2,2542
GU51 3,8538
GU51 4,4047
GU51 5,3294
GU52 0,2469
GU52 6,7574
GU52 7,3257
GU52 8,2653
GU6  7,8121
GU6  8,6083
GU7  1,7634
GU7  2,7064
GU7  3,8126
GU8  4,5705
GU8  5,8130
GU8  6,3813
GU9  0,7433
GU9  7,5155
GU9  8,9654
GU9  9,7442
HA0  1,9910
HA0  2,13298
HA0  3,11562
HA0  4,13588
HA1  1,7620
HA1  2,7338
HA1  3,10733
HA1  4,13518
HA2  0,10856
HA2  6,8285
HA2  7,7665
HA2  8,13384
HA2  9,15078
HA3  0,11086
HA3  5,10451
HA3  6,8913
HA3  7,11941
HA3  8,11810
HA3  9,15353
HA4  0,9588
HA4  6,11109
HA4  7,10210
HA4  8,8371
HA4  9,10897
HA5  1,9342
HA5  2,8712
HA5  3,10423
HA5  4,8766
HA5  5,7742
HA6  1,8581
HA6  2,7908
HA6  3,5495
HA7  1,8127
HA7  2,12117
HA7  3,8357
HA7  4,8596
HA8  0,11717
HA8  5,12361
HA8  6,11406
HA8  7,4646
HA8  8,14624
HA8  9,11624
HA9  0,2646
HA9  6,10722
HA9  7,9081
HA9  8,13144
HA9  9,12252
HD1  1,241
HD1  3,8307
HD1  4,8542
HD1  5,2836
HD1  6,3036
HD2  1,15473
HD2  2,14030
HD3  3,15131
HD3  4,14158
HD4  5,12076
HD4  6,10940
HD4  7,7259
HD5  0,5256
HD5  8,13800
HD5  9,12000
HD6  1,2645
HD6  2,7501
HD6  3,12066
HD6  4,5132
HD7  4,8294
HD7  5,9856
HD7  6,4526
HD8  0,11729
HD8  8,12040
HD8  9,10551
HD9  1,7248
HD9  2,4275
HD9  3,4000
HD9  4,3984
HD9  5,4550
HD9  6,6351
HD9  7,4981
HG1  1,1176
HG1  2,7614
HG1  3,7454
HG1  4,12176
HG1  5,5781
HG2  0,7976
HG2  7,11125
HG2  8,8667
HG2  9,5705
HG3  1,5251
HG3  2,11149
HG3  3,4389
HG3  4,2176
HG3  5,3435
HG4  1,8099
HG4  2,8603
HG4  3,4180
HG4  4,2419
HG4  5,2551
HG5  0,8994
HG5  8,5127
HG5  9,4296
HP1  1,7722
HP1  2,8622
HP1  3,8069
HP10 0,5261
HP10 8,5683
HP10 9,8021
HP11 1,7739
HP11 2,5766
HP12 3,12382
HP12 4,10440
HP13 5,13988
HP13 6,11272
HP13 7,17799
HP14 3,9439
HP14 4,8284
HP15 6,8171
HP15 7,9257
HP16 0,6965
HP16 9,4881
HP17 0,1148
HP17 8,7994
HP17 9,902
HP18 0,6218
HP18 9,7304
HP19 0,2343
HP19 7,6998
HP19 8,3522
HP19 9,10894
HP2  4,11035
HP2  5,12549
HP2  6,7832
HP2  7,7016
HP20 1,8042
HP20 2,6866
HP21 7,9634
HP21 8,13165
HP21 9,10556
HP22 4,5170
HP22 5,13431
HP22 6,6097
HP23 4,6051
HP23 5,8076
HP23 6,3332
HP27 0,6429
HP27 9,5782
HP3  0,8126
HP3  8,9849
HP3  9,14119
HP4  1,6982
HP4  2,7520
HP4  3,9471
HP5  1,6680
HP5  2,11433
HP5  3,7277
HP6  5,5849
HP6  6,8301
HP7  0,4216
HP7  9,6409
HP8  4,6819
HP9  1,9026
HP9  2,8127
HR1  1,14112
HR1  2,5249
HR1  3,6371
HR1  4,6153
HR2  0,4364
HR2  6,8408
HR2  7,15425
HR2  8,4998
HR2  9,5926
HR3  5,4762
HR3  6,2994
HR4  0,10864
HR4  7,5711
HR4  8,6030
HR4  9,7734
HR5  3,4670
HR6  0,4440
HR6  8,10674
HR6  9,5379
HR7  4,7155
HR8  1,4367
HR8  2,9648
HR9  5,7240
HR9  6,4561
HR9  7,9258
HU1  1,902
HU1  2,2188
HU1  3,204
HU10 6,10910
HU10 7,8147
HU11 4,8099
HU11 5,3759
HU12 0,5444
HU12 8,11081
HU12 9,9071
HU13 0,7464
HU13 9,7536
HU14 3,8278
HU15 1,13163
HU15 2,10984
HU16 4,6799
HU16 5,9667
HU17 0,10226
HU17 5,2673
HU17 7,8731
HU17 8,11492
HU17 9,10377
HU18 1,8774
HU19 2,7135
HU2  0,1074
HU2  8,1633
HU2  9,1310
HU20 3,1015
HU3  1,6530
HU3  2,5497
HU3  3,4429
HU3  5,2629
HU3  6,8250
HU4  6,12587
HU4  7,10621
HU5  1,5651
HU5  2,9275
HU5  3,10009
HU5  4,8945
HU5  5,17184
HU6  0,485
HU6  7,11980
HU6  8,9568
HU6  9,11942
HU7  0,1873
HU7  3,6762
HU7  4,23720
HU7  5,5059
HU7  6,4868
HU8  0,9405
HU8  7,2100
HU8  8,8681
HU8  9,14629
HU9  1,4521
HU9  2,5837
HU9  3,10398
HU9  4,12950
HU9  5,8702
HX1  1,484
HX1  2,4283
HX1  3,7453
HX1  4,7457
HX1  5,4454
HX2  0,8779
HX2  6,5025
HX2  7,6087
HX2  8,7032
HX2  9,8953
HX3  0,7592
HX3  5,8079
HX3  6,6403
HX3  7,9651
HX3  8,7215
HX3  9,7003
HX4  0,1699
HX4  8,6305
HX4  9,4172
HX5  0,5830
HX5  9,4431
HX6  1,4262
HX6  2,6179
HX6  3,3073
HX6  4,5174
HX7  5,4661
HX7  6,2257
HX7  7,2609
HX7  8,3776
IG1  1,14177
IG1  2,20275
IG1  3,17204
IG1  4,12894
IG10 1,6794
IG10 2,9211
IG10 3,10748
IG10 4,4774
IG11 0,9655
IG11 7,15960
IG11 8,8157
IG11 9,19587
IG2  6,14376
IG2  7,14592
IG3  8,17418
IG3  9,18650
IG4  5,8912
IG5  0,17014
IG6  1,8274
IG6  2,11800
IG6  3,6695
IG7  4,7365
IG7  5,8533
IG7  6,4499
IG8  0,8432
IG8  7,9373
IG8  8,8145
IG8  9,9295
IG9  5,7564
IG9  6,5321
IP1  1,549
IP1  2,5519
IP1  3,3396
IP1  4,8626
IP1  5,9214
IP1  6,12239
IP10 0,3058
IP11 0,5306
IP11 2,8816
IP11 7,6505
IP11 9,8669
IP12 1,6707
IP12 2,5519
IP12 3,4811
IP12 4,7360
IP13 0,3992
IP13 6,4679
IP13 7,3095
IP13 8,2264
IP13 9,4102
IP14 1,9204
IP14 2,6620
IP14 3,4545
IP14 4,5797
IP14 5,8661
IP14 6,4176
IP15 5,2466
IP16 4,6546
IP17 1,6407
IP17 2,2476
IP17 3,1901
IP18 6,4060
IP19 0,2364
IP19 8,5900
IP19 9,2017
IP2  0,9578
IP2  8,7457
IP2  9,14098
IP20 0,2511
IP20 9,5281
IP21 4,6384
IP21 5,4836
IP22 1,5374
IP22 2,5438
IP22 4,8278
IP22 5,2786
IP23 7,4332
IP23 8,2678
IP24 1,9879
IP24 2,9897
IP24 3,8049
IP25 6,11625
IP25 7,6588
IP26 4,5522
IP26 5,3423
IP27 0,11221
IP27 9,7792
IP28 6,5584
IP28 7,9101
IP28 8,9813
IP29 4,4415
IP29 5,4602
IP3  0,10491
IP3  8,11900
IP3  9,12182
IP30 0,4232
IP30 9,9342
IP31 1,6293
IP31 2,7985
IP31 3,7021
IP32 6,8793
IP32 7,8298
IP33 1,4438
IP33 2,9430
IP33 3,10337
IP4  1,3394
IP4  2,7850
IP4  3,5146
IP4  4,7818
IP4  5,12158
IP5  1,5548
IP5  2,10432
IP5  3,3669
IP6  0,5509
IP6  8,6212
IP6  9,4458
IP7  5,6440
IP7  6,4904
IP7  7,5277
IP8  3,6752
IP8  4,4168
IP9  1,4194
IP9  2,7155
KT1  1,1007
KT1  2,8197
KT1  3,11618
KT1  4,3076
KT10 0,9577
KT10 8,6312
KT10 9,5004
KT11 1,3111
KT11 2,9194
KT11 3,2675
KT12 1,4305
KT12 2,11771
KT12 3,8061
KT12 4,5614
KT12 5,7083
KT13 0,6581
KT13 8,7147
KT13 9,7564
KT14 6,5626
KT14 7,7724
KT15 1,9820
KT15 2,8257
KT15 3,9296
KT16 0,5672
KT16 8,5991
KT16 9,6799
KT17 1,5362
KT17 2,7825
KT17 3,3970
KT17 4,6145
KT18 5,7921
KT18 6,2113
KT18 7,7411
KT19 0,9009
KT19 7,1849
KT19 8,7952
KT19 9,15288
KT2  5,14346
KT2  6,8123
KT2  7,7981
KT20 5,10331
KT20 6,5725
KT20 7,4503
KT21 1,5858
KT21 2,7868
KT22 0,3921
KT22 7,6518
KT22 8,4724
KT22 9,8991
KT23 3,5090
KT23 4,5604
KT24 5,5233
KT24 6,4282
KT3  3,12688
KT3  4,4874
KT3  5,10083
KT3  6,10863
KT4  7,10554
KT4  8,18356
KT5  8,10780
KT5  9,9639
KT6  4,6235
KT6  5,7974
KT6  6,6726
KT6  7,10487
KT7  0,10365
KT8  0,2609
KT8  1,5487
KT8  2,7264
KT8  9,4286
KT9  1,9405
KT9  2,11964
L1   0,143
L1   1,335
L1   2,161
L1   3,213
L1   4,1125
L1   5,2333
L1   6,402
L1   7,880
L1   8,746
L1   9,736
L10  0,505
L10  1,1509
L10  2,1411
L10  3,1182
L10  4,3037
L10  6,1510
L10  7,2222
L10  8,2088
L10  9,1629
L11  0,1593
L11  1,2313
L11  2,4155
L11  3,4334
L11  4,2904
L11  5,1631
L11  6,1105
L11  7,3186
L11  8,2061
L11  9,1944
L12  0,9668
L12  1,1253
L12  2,1066
L12  3,964
L12  4,3020
L12  5,4398
L12  6,2232
L12  7,2062
L12  8,2462
L12  9,4672
L13  0,1388
L13  1,1589
L13  2,3230
L13  3,3116
L13  4,3058
L13  5,4117
L13  6,3404
L13  7,3953
L13  8,3248
L13  9,3462
L14  0,4327
L14  1,2179
L14  2,2226
L14  3,1917
L14  4,1699
L14  5,962
L14  6,2725
L14  7,3104
L14  8,2407
L14  9,3596
L15  0,3219
L15  1,2710
L15  2,2484
L15  3,4751
L15  4,3977
L15  5,1613
L15  6,2493
L15  7,3023
L15  8,3851
L15  9,1888
L16  0,844
L16  1,1087
L16  2,2527
L16  3,2482
L16  4,919
L16  5,1512
L16  6,1159
L16  7,2339
L16  8,1043
L16  9,1203
L17  0,4126
L17  1,1024
L17  2,1631
L17  3,2315
L17  4,1502
L17  5,1493
L17  6,2291
L17  7,4839
L17  8,2918
L17  9,2020
L18  0,1028
L18  1,6068
L18  2,1968
L18  3,3107
L18  4,2298
L18  5,2375
L18  6,1704
L18  7,2855
L18  8,3545
L18  9,3465
L19  0,2129
L19  1,2746
L19  2,3072
L19  3,2785
L19  4,2879
L19  5,1563
L19  6,1102
L19  7,1251
L19  8,3112
L19  9,3090
L2   0,200
L2   2,169
L2   5,197
L20  0,3311
L20  2,2426
L20  3,2545
L20  4,6387
L20  5,2903
L20  6,5267
L20  7,2019
L20  8,380
L20  9,6327
L21  0,3670
L21  1,3682
L21  2,1104
L21  3,545
L21  4,1743
L21  5,1947
L21  6,1006
L21  7,3583
L21  8,3347
L21  9,4929
L22  0,1339
L22  1,833
L22  2,1851
L22  3,1113
L22  4,2186
L22  5,1187
L22  6,1381
L22  7,1227
L22  8,1259
L22  9,1417
L23  0,4875
L23  1,2177
L23  2,3259
L23  3,2473
L23  4,1144
L23  5,2296
L23  6,3124
L23  7,3044
L23  8,2118
L23  9,5711
L24  0,2892
L24  1,1202
L24  2,3176
L24  3,3003
L24  4,902
L24  5,939
L24  6,1143
L24  7,1777
L24  9,930
L25  0,3240
L25  1,1789
L25  2,3708
L25  3,3195
L25  4,2736
L25  5,4310
L25  6,1716
L25  7,4498
L25  8,3728
L25  9,4527
L26  0,2241
L26  1,3186
L26  3,246
L26  6,1498
L26  7,4833
L26  9,3146
L27  0,341
L27  1,1129
L27  4,245
L27  5,1251
L27  6,1084
L27  7,1321
L27  8,1056
L28  0,1005
L28  1,1421
L28  3,244
L28  4,1439
L28  5,924
L28  6,458
L28  7,247
L28  8,536
L29  7,404
L3   0,591
L3   1,881
L3   2,2506
L3   3,390
L3   4,2805
L3   5,3363
L3   6,3579
L3   8,2549
L3   9,1166
L30  0,2172
L30  1,4077
L30  2,3287
L30  3,1912
L30  5,3070
L30  6,325
L30  7,2738
L30  8,1408
L30  9,883
L31  0,2423
L31  1,4501
L31  2,3112
L31  3,1423
L31  4,2401
L31  5,3732
L31  6,3248
L31  7,2951
L31  8,2951
L31  9,4059
L32  0,3238
L32  1,1457
L32  2,2201
L32  3,1313
L32  4,1934
L32  5,776
L32  6,2111
L32  7,2080
L32  8,2140
L32  9,3197
L33  0,1071
L33  1,4823
L33  2,1163
L33  4,3988
L33  5,1315
L33  6,1419
L33  7,268
L33  8,989
L33  9,1903
L34  0,2444
L34  1,2004
L34  2,3351
L34  3,687
L34  4,369
L34  5,1312
L34  6,1848
L35  0,2619
L35  1,1431
L35  2,2255
L35  3,7600
L35  4,2950
L35  5,5335
L35  6,1444
L35  7,2761
L35  8,3002
L35  9,1667
L36  0,4433
L36  1,2731
L36  2,5088
L36  3,4626
L36  4,6407
L36  5,4308
L36  6,2522
L36  7,3692
L36  8,4639
L36  9,1483
L37  1,2309
L37  2,5047
L37  3,4831
L37  4,2671
L37  5,213
L37  6,2915
L37  7,3594
L37  8,1962
L38  0,520
L38  1,295
L38  3,332
L38  6,221
L38  9,1211
L39  0,1180
L39  1,4957
L39  2,3346
L39  3,3136
L39  4,6700
L39  5,4667
L39  6,2167
L39  7,1173
L39  8,1350
L4   0,2986
L4   1,3267
L4   2,5717
L4   3,3652
L4   4,4012
L4   5,6197
L4   6,2823
L4   7,3450
L4   8,2654
L4   9,5510
L40  0,1220
L40  1,2049
L40  2,1047
L40  3,1208
L40  4,1648
L40  5,2621
L40  6,1052
L40  7,4918
L40  8,1007
L40  9,1263
L5   0,1867
L5   1,529
L5   2,811
L5   3,1667
L5   4,1295
L5   5,849
L5   6,2301
L5   7,1356
L5   8,791
L5   9,982
L6   0,2734
L6   1,2546
L6   2,2398
L6   3,2031
L6   4,3691
L6   5,2803
L6   6,3569
L6   7,633
L6   8,1925
L6   9,1397
L7   0,3304
L7   1,221
L7   2,1913
L7   3,2823
L7   4,440
L7   5,933
L7   6,1894
L7   7,2456
L7   8,3654
L7   9,368
L8   0,7331
L8   1,1188
L8   2,1764
L8   3,2682
L8   4,4021
L8   5,1839
L8   6,2386
L8   7,4467
L8   8,4355
L8   9,2544
L9   0,4115
L9   1,6398
L9   2,2825
L9   3,3563
L9   4,877
L9   6,3533
L9   7,1724
L9   8,4550
L9   9,5052
LA1  1,5655
LA1  2,11028
LA1  3,10133
LA1  4,15715
LA1  5,9518
LA10 5,4002
LA11 6,3717
LA11 7,5956
LA12 0,6055
LA12 7,4456
LA12 8,2414
LA12 9,7269
LA13 0,8774
LA13 9,10038
LA14 1,3342
LA14 2,7199
LA14 3,10651
LA14 4,6545
LA14 5,10776
LA15 8,7827
LA16 7,3462
LA17 7,1174
LA18 4,5730
LA18 5,3340
LA19 5,972
LA2  0,6012
LA2  6,5403
LA2  7,3027
LA2  8,3321
LA2  9,4541
LA20 6,1159
LA21 8,928
LA22 0,2170
LA22 9,2773
LA23 1,2785
LA23 2,4048
LA23 3,2304
LA3  1,8377
LA3  2,10197
LA3  3,5873
LA4  4,9174
LA4  5,9335
LA4  6,7883
LA5  0,3853
LA5  8,4127
LA5  9,8436
LA6  1,5106
LA6  2,4347
LA6  3,3053
LA7  7,5317
LA8  0,2992
LA8  8,2669
LA8  9,3347
LA9  4,4010
LA9  5,9346
LA9  6,6982
LA9  7,10061
LE1  1,1716
LE1  2,4275
LE1  3,666
LE1  4,656
LE1  5,1989
LE1  6,2978
LE1  7,1028
LE10 0,20354
LE10 1,10327
LE10 2,14568
LE10 3,2225
LE11 1,9835
LE11 2,13840
LE11 3,16441
LE11 4,9722
LE11 5,10529
LE12 5,7482
LE12 6,9193
LE12 7,16604
LE12 8,13957
LE12 9,14886
LE13 0,15198
LE13 1,11960
LE14 2,4514
LE14 3,6621
LE14 4,6186
LE15 6,10922
LE15 7,8135
LE15 8,6416
LE15 9,6852
LE16 7,11868
LE16 8,10331
LE16 9,12776
LE17 4,10597
LE17 5,6117
LE17 6,3934
LE18 1,7885
LE18 2,8628
LE18 3,8171
LE18 4,8177
LE19 2,5916
LE19 3,4741
LE19 4,4105
LE2  0,13714
LE2  1,13444
LE2  2,7686
LE2  3,11456
LE2  4,12392
LE2  5,8595
LE2  6,14815
LE2  7,10728
LE2  8,10833
LE2  9,15363
LE3  0,11427
LE3  1,15585
LE3  2,14572
LE3  3,13475
LE3  5,6329
LE3  6,12955
LE3  8,10169
LE3  9,16401
LE4  0,15259
LE4  1,4793
LE4  2,10402
LE4  3,5597
LE4  4,6619
LE4  5,8951
LE4  6,15314
LE4  7,12048
LE4  8,9668
LE4  9,8406
LE5  0,8025
LE5  1,16743
LE5  2,10596
LE5  3,9933
LE5  4,13782
LE5  5,17563
LE5  6,8793
LE6  0,12073
LE65 1,6198
LE65 2,7827
LE67 1,5471
LE67 2,7644
LE67 3,8671
LE67 4,10742
LE67 5,8486
LE67 6,5961
LE67 8,5954
LE67 9,5975
LE7  1,5695
LE7  2,7109
LE7  3,5309
LE7  4,4097
LE7  7,12499
LE7  9,10072
LE8  0,6415
LE8  4,6194
LE8  5,6944
LE8  6,6893
LE8  8,4894
LE8  9,3673
LE9  1,3506
LE9  2,4667
LE9  3,3395
LE9  4,6345
LE9  6,8940
LE9  7,12081
LE9  8,9371
LE9  9,6942
LN1  1,8526
LN1  2,11484
LN1  3,8352
LN10 5,861
LN10 6,5124
LN11 0,9896
LN11 7,5152
LN11 8,8144
LN11 9,5030
LN12 1,5062
LN12 2,8159
LN13 0,2635
LN13 9,5131
LN2  1,1860
LN2  2,10411
LN2  3,6588
LN2  4,13180
LN2  5,6598
LN3  4,5879
LN3  5,3016
LN4  1,10558
LN4  2,8408
LN4  3,8479
LN4  4,11213
LN5  0,5818
LN5  7,5672
LN5  8,8573
LN5  9,12124
LN6  0,13722
LN6  3,3931
LN6  4,270
LN6  5,3195
LN6  7,13978
LN6  8,9953
LN6  9,13300
LN7  6,6070
LN8  2,1819
LN8  3,9524
LN8  5,3090
LN8  6,2850
LN9  5,4624
LN9  6,5051
LS1  2,126
LS1  3,456
LS1  4,4608
LS1  5,205
LS1  6,364
LS10 1,4096
LS10 2,3792
LS10 3,12752
LS10 4,14894
LS11 0,3834
LS11 5,5164
LS11 6,6572
LS11 7,8856
LS11 8,7659
LS11 9,2710
LS12 1,5834
LS12 2,6042
LS12 3,8791
LS12 4,9327
LS12 5,9423
LS12 6,1532
LS13 1,7356
LS13 2,10551
LS13 3,7225
LS13 4,9889
LS14 1,7912
LS14 2,4501
LS14 3,3179
LS14 5,7372
LS14 6,11520
LS15 0,7696
LS15 4,5195
LS15 7,9467
LS15 8,8739
LS15 9,3894
LS16 5,8019
LS16 6,9546
LS16 7,10966
LS16 8,4114
LS16 9,3812
LS17 0,1389
LS17 5,7154
LS17 6,10016
LS17 7,9409
LS17 8,10909
LS17 9,4549
LS18 4,9326
LS18 5,9569
LS19 6,6238
LS19 7,13597
LS2  7,2615
LS2  8,2261
LS2  9,5244
LS20 8,6947
LS20 9,5716
LS21 1,5753
LS21 2,7081
LS21 3,4895
LS22 4,1957
LS22 5,3765
LS22 6,5862
LS22 7,4207
LS23 6,7391
LS23 7,1816
LS24 8,3286
LS24 9,8563
LS25 1,7571
LS25 2,7396
LS25 3,1503
LS25 4,1893
LS25 5,4693
LS25 6,6778
LS25 7,10083
LS26 0,13961
LS26 8,11914
LS26 9,4146
LS27 0,6553
LS27 7,10556
LS27 8,9906
LS27 9,8680
LS28 5,11426
LS28 6,3229
LS28 7,9603
LS28 8,7539
LS28 9,6099
LS29 0,5016
LS29 6,5188
LS29 7,7338
LS29 8,8071
LS29 9,5843
LS3  1,2876
LS4  2,9072
LS5  3,8507
LS6  1,15609
LS6  2,10943
LS6  3,12466
LS6  4,9259
LS7  1,3854
LS7  2,7671
LS7  3,8642
LS7  4,8099
LS8  1,9666
LS8  2,11990
LS8  3,12362
LS8  4,6267
LS8  5,8001
LS9  0,6023
LS9  6,11990
LS9  7,7352
LS9  8,5205
LS9  9,5836
LU1  1,14292
LU1  2,1341
LU1  3,9901
LU1  4,5534
LU1  5,12287
LU2  0,11628
LU2  7,20884
LU2  8,12714
LU2  9,11664
LU3  1,22499
LU3  2,13703
LU3  3,18934
LU3  4,5414
LU4  0,16601
LU4  8,16444
LU4  9,19024
LU5  4,13427
LU5  5,17363
LU5  6,7495
LU6  1,10729
LU6  2,8053
LU6  3,12051
LU7  0,9134
LU7  1,5362
LU7  2,11484
LU7  3,13198
LU7  4,7425
LU7  9,7365
M1   1,779
M1   2,3438
M1   3,1074
M1   4,215
M1   5,3193
M1   6,822
M1   7,2700
M11  1,5759
M11  2,3173
M11  3,3390
M11  4,8121
M12  4,7173
M12  5,8201
M12  6,802
M13  0,16462
M13  9,7499
M14  4,9432
M14  5,10499
M14  6,19997
M14  7,12892
M15  4,8271
M15  5,6329
M15  6,7710
M16  0,7905
M16  7,7628
M16  8,11373
M16  9,8815
M18  7,12643
M18  8,10624
M19  1,11859
M19  2,13048
M19  3,9679
M20  1,7931
M20  2,11380
M20  3,6254
M20  4,10354
M20  5,4595
M20  6,8081
M21  0,6362
M21  7,8308
M21  8,5924
M21  9,8989
M22  0,3171
M22  1,8002
M22  4,10255
M22  5,6491
M22  8,4842
M22  9,9610
M23  0,8758
M23  1,8338
M23  2,5909
M23  9,7944
M24  1,11153
M24  2,13109
M24  4,9177
M24  5,8323
M24  6,4986
M25  0,8978
M25  1,7724
M25  2,3842
M25  3,3268
M25  9,7663
M26  1,10423
M26  2,6112
M26  3,10015
M26  4,8263
M27  0,6983
M27  4,5269
M27  5,8481
M27  6,5647
M27  8,9522
M27  9,6167
M28  0,5697
M28  1,9794
M28  2,5902
M28  3,10867
M28  7,7165
M29  7,13455
M29  8,9441
M3   1,734
M3   2,143
M3   3,544
M3   4,2266
M3   5,1268
M3   6,3762
M3   7,2992
M30  0,10099
M30  7,8773
M30  8,9115
M30  9,7996
M31  4,8395
M32  0,10553
M32  8,6913
M32  9,11120
M33  2,12890
M33  3,12249
M33  4,14234
M33  5,9763
M33  6,6891
M33  7,4447
M34  2,10253
M34  3,8974
M34  5,11739
M34  6,6935
M34  7,8389
M35  0,11288
M35  9,9392
M38  0,2632
M38  9,10326
M4   1,1679
M4   4,3374
M4   5,1636
M4   6,1315
M4   7,2736
M40  0,4260
M40  1,5597
M40  2,5798
M40  3,7424
M40  5,4134
M40  7,5203
M40  8,3862
M40  9,4579
M41  0,5833
M41  5,6517
M41  6,7841
M41  7,5800
M41  8,6522
M41  9,8968
M43  6,9805
M43  7,13450
M44  5,7432
M44  6,12257
M45  6,5654
M45  7,9439
M45  8,7629
M46  0,10065
M46  9,12138
M5   3,5177
M5   4,5638
M5   5,4914
M50  1,942
M50  2,259
M50  3,2248
M6   5,8289
M6   6,5582
M6   7,9010
M6   8,9093
M60  7,466
M60  9,971
M7   1,3544
M7   2,5368
M7   3,5256
M7   4,13578
M8   0,10051
M8   4,7702
M8   5,6289
M8   8,3543
M8   9,3513
M9   0,4466
M9   4,8037
M9   5,3775
M9   6,9106
M9   7,6082
M9   8,8052
ME1  1,5641
ME1  2,14448
ME1  3,11103
ME10 1,13536
ME10 2,14571
ME10 3,7399
ME10 4,9344
ME10 5,2732
ME11 5,3407
ME12 1,6686
ME12 2,12721
ME12 3,11062
ME12 4,6415
ME13 0,3508
ME13 7,9316
ME13 8,10000
ME13 9,5135
ME14 1,3247
ME14 2,10705
ME14 3,1953
ME14 4,6277
ME14 5,9532
ME15 0,4039
ME15 6,10536
ME15 7,10888
ME15 8,11055
ME15 9,11141
ME16 0,13260
ME16 8,11475
ME16 9,5311
ME17 1,4742
ME17 2,3969
ME17 3,5728
ME17 4,7950
ME18 5,4694
ME18 6,2109
ME19 4,7770
ME19 5,6360
ME19 6,7667
ME2  1,5448
ME2  2,14407
ME2  3,12734
ME2  4,6940
ME20 6,13367
ME20 7,7278
ME3  0,1648
ME3  7,6309
ME3  8,8480
ME3  9,9747
ME4  3,2847
ME4  4,3892
ME4  5,13862
ME4  6,9590
ME5  0,11868
ME5  7,12596
ME5  8,15253
ME5  9,11692
ME6  5,10211
ME7  1,11550
ME7  2,12697
ME7  3,8581
ME7  4,9682
ME7  5,9265
ME8  0,9319
ME8  6,10031
ME8  7,7453
ME8  8,9744
ME8  9,12667
ME9  0,2714
ME9  7,6826
ME9  8,6148
ME9  9,4865
MK1  1,585
MK10 7,2513
MK10 9,11312
MK11 1,5893
MK11 2,1843
MK12 5,7779
MK12 6,4713
MK13 0,4475
MK13 7,7893
MK13 8,3466
MK13 9,3026
MK14 5,6796
MK14 6,6047
MK14 7,5857
MK15 0,1165
MK15 8,1870
MK15 9,4170
MK16 0,5506
MK16 8,8088
MK16 9,4906
MK17 0,6135
MK17 8,6685
MK17 9,4409
MK18 1,9331
MK18 2,5993
MK18 3,5922
MK18 4,3574
MK18 5,2284
MK18 7,3559
MK19 6,6489
MK19 7,4769
MK2  2,6543
MK2  3,7773
MK3  5,6492
MK3  6,5612
MK3  7,10521
MK4  1,5719
MK4  2,5271
MK4  3,3496
MK4  4,7381
MK40 1,3641
MK40 2,7278
MK40 3,8351
MK40 4,11739
MK41 0,9535
MK41 6,4560
MK41 7,12153
MK41 8,7932
MK41 9,8357
MK42 0,12215
MK42 6,976
MK42 7,8460
MK42 8,10425
MK42 9,12482
MK43 0,12222
MK43 7,7357
MK43 8,7180
MK43 9,6224
MK44 1,5230
MK44 2,3473
MK44 3,6614
MK45 1,12664
MK45 2,10307
MK45 3,5845
MK45 4,9116
MK45 5,5117
MK46 4,3081
MK46 5,6045
MK5  6,5255
MK5  7,6906
MK5  8,3277
MK6  2,10880
MK6  3,5567
MK6  4,6155
MK6  5,5511
MK7  6,2636
MK7  7,6939
MK7  8,4984
MK8  0,4761
MK8  8,4215
MK8  9,3086
MK9  2,1416
MK9  3,1548
MK9  4,402
N1   0,10637
N1   1,8827
N1   2,11521
N1   3,8041
N1   4,8767
N1   5,9305
N1   6,8465
N1   7,11223
N1   8,7709
N1   9,6561
N10  1,8657
N10  2,9844
N10  3,9491
N11  1,9710
N11  2,10723
N11  3,9446
N12  0,8407
N12  7,5717
N12  8,7771
N12  9,7003
N13  4,12771
N13  5,12979
N13  6,6033
N14  4,10824
N14  5,6217
N14  6,7009
N14  7,5906
N15  3,10606
N15  4,10314
N15  5,9828
N15  6,12970
N16  0,8675
N16  5,15922
N16  6,15262
N16  7,11143
N16  8,11466
N16  9,6099
N17  0,10984
N17  6,20703
N17  7,10251
N17  8,8006
N17  9,13594
N18  1,15726
N18  2,16016
N19  3,12727
N19  4,10590
N19  5,10435
N2   0,10187
N2   8,6122
N2   9,7659
N20  0,10831
N20  8,4217
N20  9,3976
N21  1,8710
N21  2,6976
N21  3,7814
N22  5,13898
N22  6,12558
N22  7,7164
N22  8,9231
N3   1,9294
N3   2,9303
N3   3,7937
N4   1,12671
N4   2,15947
N4   3,11549
N4   4,7124
N5   1,12004
N5   2,12283
N6   4,5160
N6   5,10978
N6   6,3336
N7   0,13129
N7   6,6788
N7   7,7154
N7   8,11553
N7   9,9533
N8   0,11252
N8   7,9873
N8   8,8604
N8   9,10308
N9   0,12205
N9   7,10129
N9   8,12656
N9   9,17203
NE1  2,3077
NE1  3,621
NE1  4,1966
NE1  5,1053
NE1  6,1341
NE1  8,993
NE10 0,8892
NE10 8,17836
NE10 9,9493
NE11 0,4185
NE11 9,12274
NE12 5,1914
NE12 6,8685
NE12 7,5005
NE12 8,9991
NE12 9,9501
NE13 6,5547
NE13 7,5294
NE13 8,1069
NE13 9,941
NE15 0,2347
NE15 6,5961
NE15 7,9328
NE15 8,8829
NE15 9,6226
NE16 3,3335
NE16 4,6424
NE16 5,10913
NE16 6,5002
NE17 7,4669
NE18 0,927
NE19 1,1240
NE19 2,1033
NE2  1,9878
NE2  2,7321
NE2  3,7198
NE2  4,5132
NE20 0,1426
NE20 9,10447
NE21 4,5620
NE21 5,5350
NE21 6,6306
NE22 5,8937
NE22 6,5657
NE22 7,3290
NE23 1,3745
NE23 2,5826
NE23 3,5710
NE23 6,10745
NE23 7,10580
NE23 8,2627
NE24 1,3565
NE24 2,6252
NE24 3,11064
NE24 4,7700
NE24 5,9495
NE25 0,9350
NE25 8,9169
NE25 9,11289
NE26 1,5264
NE26 2,4523
NE26 3,5275
NE26 4,4264
NE27 0,12024
NE28 0,8701
NE28 6,5201
NE28 7,8007
NE28 8,9635
NE28 9,13205
NE29 0,6582
NE29 6,7712
NE29 7,8361
NE29 8,8812
NE29 9,4146
NE3  1,9084
NE3  2,13842
NE3  3,11578
NE3  4,10550
NE3  5,7996
NE30 1,1317
NE30 2,7761
NE30 3,8303
NE30 4,4952
NE31 1,10260
NE31 2,9870
NE32 3,5327
NE32 4,10419
NE32 5,9643
NE33 1,1316
NE33 2,6229
NE33 3,7866
NE33 4,7324
NE33 5,4334
NE34 0,10653
NE34 6,9264
NE34 7,11667
NE34 8,10126
NE34 9,10769
NE35 9,6428
NE36 0,6854
NE37 1,9759
NE37 2,7202
NE37 3,4095
NE38 0,9145
NE38 7,9000
NE38 8,7820
NE38 9,5136
NE39 1,3968
NE39 2,4607
NE4  5,7963
NE4  6,7247
NE4  7,2452
NE4  8,7753
NE4  9,12022
NE40 3,7629
NE40 4,8006
NE41 8,2197
NE42 5,6974
NE42 6,5633
NE43 7,4523
NE44 6,966
NE45 5,3672
NE46 1,4198
NE46 2,4459
NE46 3,3510
NE46 4,3370
NE47 0,1070
NE47 5,906
NE47 6,2184
NE47 7,1214
NE47 8,522
NE47 9,2021
NE48 1,764
NE48 2,1852
NE48 3,1105
NE48 4,573
NE49 0,1085
NE49 9,3259
NE5  1,8712
NE5  2,14247
NE5  3,10188
NE5  4,8841
NE5  5,7115
NE6  1,3214
NE6  2,11558
NE6  3,8348
NE6  4,11940
NE6  5,15967
NE61 1,4134
NE61 2,8928
NE61 3,3853
NE61 4,1260
NE61 5,8080
NE61 6,5014
NE62 5,9636
NE63 0,8147
NE63 8,8490
NE63 9,11152
NE64 6,6308
NE65 0,7878
NE65 7,3889
NE65 8,2141
NE65 9,6856
NE66 1,6766
NE66 2,4244
NE66 3,4720
NE66 4,1522
NE66 5,338
NE67 5,834
NE68 7,1959
NE69 7,414
NE7  7,15468
NE70 7,1754
NE71 6,2949
NE8  1,5856
NE8  2,7164
NE8  3,8285
NE8  4,12125
NE9  5,10263
NE9  6,15719
NE9  7,11526
NG1  1,3786
NG1  3,2603
NG1  4,3940
NG1  5,1795
NG1  6,281
NG1  7,492
NG10 1,7938
NG10 2,4613
NG10 3,14380
NG10 4,10829
NG10 5,8889
NG11 0,2431
NG11 6,8233
NG11 7,4428
NG11 8,13340
NG11 9,9067
NG12 1,2527
NG12 2,6537
NG12 3,10862
NG12 4,4857
NG12 5,8382
NG13 0,4508
NG13 8,11712
NG13 9,5164
NG14 5,3922
NG14 6,9537
NG14 7,5980
NG15 0,2076
NG15 6,14763
NG15 7,12829
NG15 8,5271
NG15 9,5759
NG16 1,9349
NG16 2,16473
NG16 3,10812
NG16 4,5405
NG16 5,10047
NG16 6,11465
NG17 1,6439
NG17 2,14585
NG17 3,8900
NG17 4,9768
NG17 5,6475
NG17 7,9204
NG17 8,11236
NG17 9,6179
NG18 1,1438
NG18 2,7952
NG18 3,11644
NG18 4,12656
NG18 5,7836
NG19 0,11328
NG19 6,11773
NG19 7,9163
NG19 8,10182
NG19 9,9830
NG2  1,2255
NG2  2,6140
NG2  3,1789
NG2  4,10318
NG2  5,9159
NG2  6,12428
NG2  7,16520
NG20 0,9264
NG20 8,9976
NG20 9,6950
NG21 0,12150
NG21 9,10031
NG22 0,6804
NG22 8,7649
NG22 9,11840
NG23 5,7164
NG23 6,5345
NG23 7,4736
NG24 1,6771
NG24 2,10382
NG24 3,13627
NG24 4,14025
NG25 0,8913
NG3  1,4721
NG3  2,4736
NG3  3,7058
NG3  4,4123
NG3  5,9332
NG3  6,10910
NG3  7,7308
NG31 6,3510
NG31 7,13714
NG31 8,13855
NG31 9,13262
NG32 1,4215
NG32 2,3505
NG32 3,4708
NG33 4,4789
NG33 5,5070
NG34 0,5926
NG34 7,12895
NG34 8,11199
NG34 9,11182
NG4  1,12868
NG4  2,8671
NG4  3,10491
NG4  4,8805
NG5  1,9262
NG5  2,5919
NG5  3,5612
NG5  4,9505
NG5  5,16756
NG5  6,12113
NG5  7,7272
NG5  8,11789
NG5  9,9327
NG6  0,8889
NG6  7,4600
NG6  8,15552
NG6  9,8444
NG7  1,11780
NG7  2,13506
NG7  3,6924
NG7  4,5005
NG7  5,7846
NG7  6,8848
NG7  7,4103
NG8  1,9746
NG8  2,11094
NG8  3,9804
NG8  4,8152
NG8  5,13255
NG8  6,11910
NG9  1,10052
NG9  2,13412
NG9  3,11156
NG9  4,5785
NG9  5,8186
NG9  6,9381
NG9  7,6003
NG9  8,9238
NN1  1,1701
NN1  2,3140
NN1  3,6228
NN1  4,10540
NN1  5,8225
NN10 0,13451
NN10 6,5632
NN10 8,8083
NN10 9,11065
NN11 0,5373
NN11 2,1313
NN11 3,6290
NN11 4,11581
NN11 6,3054
NN11 7,1759
NN11 8,1488
NN11 9,6584
NN12 6,7603
NN12 7,6189
NN12 8,9235
NN13 5,5528
NN13 6,10250
NN13 7,2950
NN14 1,10009
NN14 2,10697
NN14 3,4349
NN14 4,10520
NN14 6,7694
NN15 5,14736
NN15 6,13282
NN15 7,5947
NN16 0,7566
NN16 8,7921
NN16 9,14656
NN17 1,9666
NN17 2,12295
NN17 3,4163
NN17 4,585
NN18 0,8803
NN18 8,14719
NN18 9,9389
NN2  6,9413
NN2  7,14586
NN2  8,14140
NN29 7,11520
NN3  2,11653
NN3  3,9133
NN3  5,9237
NN3  6,6916
NN3  7,5931
NN3  8,16057
NN3  9,9659
NN4  0,10706
NN4  5,4404
NN4  6,10674
NN4  7,642
NN4  8,14515
NN4  9,5773
NN5  4,4252
NN5  5,7086
NN5  6,15997
NN5  7,10715
NN6  0,7859
NN6  6,3043
NN6  7,7837
NN6  8,5329
NN6  9,9256
NN7  1,4644
NN7  2,6678
NN7  3,7891
NN7  4,8086
NN8  1,7082
NN8  2,11325
NN8  3,12439
NN8  4,10554
NN8  5,7647
NN9  5,14887
NN9  6,11390
NR1  1,4788
NR1  2,8023
NR1  3,4305
NR1  4,7675
NR10 3,10594
NR10 4,5573
NR10 5,6645
NR11 6,7772
NR11 7,2976
NR11 8,6933
NR12 0,4503
NR12 7,3427
NR12 8,6715
NR12 9,5790
NR13 3,6802
NR13 4,6925
NR13 5,7558
NR13 6,5404
NR14 6,7305
NR14 7,8272
NR14 8,8170
NR15 1,6850
NR15 2,8956
NR16 1,5532
NR16 2,6421
NR17 1,7062
NR17 2,8710
NR18 0,12223
NR18 9,5333
NR19 1,11053
NR19 2,9306
NR2  1,1114
NR2  2,6762
NR2  3,12032
NR2  4,6043
NR20 3,7439
NR20 4,6941
NR20 5,4951
NR21 0,3250
NR21 7,3295
NR21 8,5164
NR21 9,4106
NR22 6,819
NR23 1,3009
NR24 2,4462
NR25 6,5511
NR25 7,3367
NR26 8,8299
NR27 0,5250
NR27 9,6483
NR28 0,9282
NR28 9,8250
NR29 3,6914
NR29 4,8411
NR29 5,4599
NR3  1,4742
NR3  2,8834
NR3  3,10413
NR3  4,8982
NR30 1,4431
NR30 2,5565
NR30 3,4419
NR30 4,7210
NR30 5,9076
NR31 0,7144
NR31 6,8799
NR31 7,11015
NR31 8,13107
NR31 9,9849
NR32 1,3922
NR32 2,9238
NR32 3,8222
NR32 4,13267
NR32 5,4008
NR33 0,8315
NR33 7,9176
NR33 8,13572
NR33 9,8404
NR34 0,2235
NR34 7,7729
NR34 8,3002
NR34 9,9303
NR35 1,5723
NR35 2,5171
NR4  6,8885
NR4  7,12637
NR5  0,8438
NR5  8,12837
NR5  9,8013
NR6  5,7104
NR6  6,7506
NR6  7,9298
NR7  0,13532
NR7  8,11040
NR7  9,7239
NR8  5,4605
NR8  6,15881
NR9  3,7346
NR9  4,4677
NR9  5,4822
NW1  0,6902
NW1  1,7612
NW1  2,1874
NW1  3,6985
NW1  4,3045
NW1  5,3068
NW1  6,5546
NW1  7,6486
NW1  8,8474
NW1  9,10347
NW10 0,11063
NW10 1,10006
NW10 2,9068
NW10 3,8483
NW10 4,10100
NW10 5,13687
NW10 6,2729
NW10 7,3606
NW10 8,13236
NW10 9,10019
NW11 0,6691
NW11 6,6367
NW11 7,5285
NW11 8,6889
NW11 9,7452
NW2  1,8799
NW2  2,7460
NW2  3,10316
NW2  4,7841
NW2  5,10054
NW2  6,11527
NW2  7,10971
NW3  1,5050
NW3  2,12990
NW3  3,8166
NW3  4,8626
NW3  5,5388
NW3  6,6067
NW3  7,5604
NW4  1,6515
NW4  2,8335
NW4  3,9180
NW4  4,7902
NW5  1,8703
NW5  2,9675
NW5  3,3842
NW5  4,8905
NW6  1,10868
NW6  2,6295
NW6  3,7403
NW6  4,7181
NW6  5,10843
NW6  6,8575
NW6  7,12738
NW7  1,6383
NW7  2,7478
NW7  3,6211
NW7  4,5598
NW8  0,7591
NW8  6,4270
NW8  7,5147
NW8  8,10635
NW8  9,6710
NW9  0,10434
NW9  5,16169
NW9  6,7588
NW9  7,6393
NW9  8,10019
NW9  9,9942
OL1  2,8465
OL1  3,3686
OL1  4,9329
OL10 1,3418
OL10 2,7205
OL10 3,7947
OL10 4,9224
OL11 1,6705
OL11 2,10601
OL11 3,9313
OL11 4,7025
OL11 5,12168
OL12 0,5407
OL12 6,12152
OL12 7,9936
OL12 8,7500
OL12 9,10672
OL13 0,3834
OL13 8,4440
OL13 9,6825
OL14 5,4630
OL14 6,3619
OL14 7,3073
OL14 8,4159
OL15 0,3973
OL15 8,5463
OL15 9,5025
OL16 1,445
OL16 2,10772
OL16 3,8462
OL16 4,11684
OL16 5,6462
OL2  5,10587
OL2  6,12735
OL2  7,10234
OL2  8,8793
OL3  5,7367
OL3  6,2819
OL3  7,4811
OL4  1,12723
OL4  2,9391
OL4  3,6112
OL4  4,7790
OL4  5,9044
OL5  0,4925
OL5  9,5996
OL6  6,5111
OL6  7,2964
OL6  8,10154
OL6  9,10564
OL7  0,5875
OL7  9,10888
OL8  1,10620
OL8  2,9498
OL8  3,10398
OL8  4,8530
OL9  0,8679
OL9  6,7380
OL9  7,6524
OL9  8,9571
OL9  9,9131
OX1  1,3252
OX1  2,1608
OX1  3,7422
OX1  4,7187
OX1  5,6154
OX10 0,5564
OX10 6,6815
OX10 7,5203
OX10 8,3214
OX10 9,5567
OX11 0,5434
OX11 7,13108
OX11 8,8838
OX11 9,5722
OX12 0,6155
OX12 7,5301
OX12 8,4855
OX12 9,8953
OX13 5,4783
OX13 6,8676
OX14 1,10071
OX14 2,8243
OX14 3,8304
OX14 4,7883
OX14 5,10009
OX15 0,2695
OX15 4,6784
OX15 5,5331
OX15 6,3289
OX16 0,11337
OX16 1,10518
OX16 2,2713
OX16 3,5002
OX16 4,3625
OX16 5,2612
OX16 9,11046
OX17 1,4308
OX17 2,6553
OX17 3,6114
OX18 1,6826
OX18 2,5555
OX18 3,9881
OX18 4,3039
OX2  0,3949
OX2  6,10801
OX2  7,9443
OX2  8,6002
OX2  9,9500
OX20 1,4734
OX25 1,2425
OX25 2,2507
OX25 3,523
OX25 4,1278
OX25 5,1787
OX25 6,1099
OX26 1,850
OX26 2,9155
OX26 3,7014
OX26 4,5846
OX26 5,1204
OX26 6,9425
OX27 0,969
OX27 7,2117
OX27 8,2883
OX27 9,548
OX28 1,7888
OX28 2,854
OX28 3,3087
OX28 4,1601
OX28 5,9222
OX28 6,4870
OX29 0,1409
OX29 4,5398
OX29 5,1337
OX29 6,2454
OX29 7,3607
OX29 8,6485
OX29 9,2370
OX3  0,11150
OX3  7,11364
OX3  8,11994
OX3  9,8929
OX33 1,7623
OX39 4,6881
OX4  1,12935
OX4  2,10267
OX4  3,12272
OX4  4,13154
OX4  6,7776
OX4  7,5568
OX44 7,5449
OX44 9,2858
OX49 5,4324
OX5  1,12054
OX5  2,8469
OX5  3,2896
OX7  3,5242
OX7  4,1427
OX7  5,7946
OX7  6,6261
OX7  7,1976
OX9  2,3491
OX9  3,9297
OX9  7,1034
PE1  1,682
PE1  2,11231
PE1  3,13722
PE1  4,14812
PE1  5,8726
PE10 0,10175
PE10 9,11731
PE11 1,8392
PE11 2,12978
PE11 3,13420
PE11 4,8440
PE12 0,6334
PE12 6,9409
PE12 7,8061
PE12 8,4577
PE12 9,11401
PE13 1,2998
PE13 2,8459
PE13 3,11161
PE13 4,6569
PE13 5,5706
PE14 0,5481
PE14 7,5883
PE14 8,5314
PE14 9,4125
PE15 0,9169
PE15 8,10515
PE15 9,10231
PE16 6,10453
PE19 1,6777
PE19 2,9972
PE19 5,6845
PE19 6,7855
PE19 7,5309
PE19 8,7210
PE2  5,14928
PE2  6,2716
PE2  7,3394
PE2  8,13322
PE2  9,10180
PE20 1,6670
PE20 2,2942
PE20 3,4374
PE21 0,9653
PE21 6,3135
PE21 7,8925
PE21 8,12216
PE21 9,8858
PE22 0,6084
PE22 7,3394
PE22 8,4022
PE22 9,3419
PE23 4,2586
PE23 5,5921
PE24 4,4133
PE24 5,7697
PE25 1,7225
PE25 2,8823
PE25 3,5590
PE26 1,5640
PE26 2,6305
PE27 3,7648
PE27 4,2517
PE27 5,5225
PE27 6,4625
PE28 0,6509
PE28 2,9050
PE28 3,9544
PE28 4,8571
PE28 5,7553
PE28 9,6347
PE29 1,12110
PE29 2,6711
PE29 3,1838
PE29 6,5529
PE29 7,3594
PE3  6,5876
PE3  7,6322
PE3  8,6927
PE3  9,9772
PE30 1,1912
PE30 2,7060
PE30 3,14373
PE30 4,12918
PE30 5,7726
PE31 6,7919
PE31 7,7320
PE31 8,4764
PE32 1,8945
PE32 2,6349
PE33 0,7744
PE33 9,8201
PE34 3,5421
PE34 4,8963
PE36 5,3717
PE36 6,2812
PE37 7,6803
PE37 8,3421
PE38 0,4815
PE38 9,9994
PE4  5,5942
PE4  6,11122
PE4  7,11297
PE5  7,1589
PE6  0,6612
PE6  7,9597
PE6  8,13059
PE6  9,6285
PE7  0,177
PE7  1,12745
PE7  2,2826
PE7  3,16091
PE7  8,10472
PE8  4,5735
PE8  5,3598
PE8  6,8167
PE9  1,9405
PE9  2,9697
PE9  3,6028
PE9  4,6059
PL1  1,784
PL1  2,2326
PL1  3,4998
PL1  4,5762
PL1  5,8828
PL10 1,3656
PL11 2,7894
PL11 3,2465
PL12 4,10571
PL12 5,2453
PL12 6,8763
PL13 1,4225
PL13 2,5213
PL14 3,8347
PL14 4,5527
PL14 5,5600
PL14 6,3492
PL15 7,6337
PL15 8,7078
PL15 9,6492
PL16 0,1753
PL17 7,5788
PL17 8,4234
PL18 9,4810
PL19 0,3003
PL19 8,6185
PL19 9,7235
PL2  1,10097
PL2  2,10661
PL2  3,10700
PL20 6,5334
PL20 7,6747
PL21 0,9481
PL21 9,7908
PL22 0,3695
PL23 1,3519
PL24 2,10156
PL25 3,10992
PL25 4,8871
PL25 5,5688
PL26 6,5142
PL26 7,9609
PL26 8,11922
PL27 6,5364
PL27 7,6863
PL28 8,4434
PL29 3,1029
PL3  4,9451
PL3  5,9245
PL3  6,12255
PL30 3,3597
PL30 4,2576
PL30 5,4384
PL31 1,8199
PL31 2,6537
PL32 9,4326
PL33 9,1647
PL34 0,1782
PL35 0,940
PL4  0,2717
PL4  6,6582
PL4  7,9078
PL4  8,10179
PL4  9,7908
PL5  1,12269
PL5  2,9913
PL5  3,11299
PL5  4,9435
PL6  5,13480
PL6  6,9179
PL6  7,8442
PL6  8,10099
PL7  1,8929
PL7  2,10781
PL7  4,9188
PL7  5,2576
PL8  1,2433
PL8  2,3301
PL9  0,2740
PL9  7,5355
PL9  8,7964
PL9  9,11902
PO1  1,4138
PO1  2,4164
PO1  3,5858
PO1  4,4842
PO1  5,9839
PO10 7,9492
PO10 8,8868
PO11 0,7863
PO11 9,9516
PO12 1,8612
PO12 2,9715
PO12 3,12097
PO12 4,17422
PO13 0,16151
PO13 8,7299
PO13 9,11326
PO14 1,7734
PO14 2,7808
PO14 3,8589
PO14 4,8046
PO15 5,7275
PO15 6,8357
PO15 7,7252
PO16 0,5642
PO16 7,7726
PO16 8,10727
PO16 9,8561
PO17 5,4654
PO17 6,1873
PO18 0,4600
PO18 8,6691
PO18 9,1726
PO19 1,1639
PO19 3,6238
PO19 5,2378
PO19 6,6918
PO19 7,7595
PO19 8,5477
PO2  0,13069
PO2  7,12867
PO2  8,8083
PO2  9,8024
PO20 0,8566
PO20 1,2458
PO20 2,3676
PO20 3,4321
PO20 7,3571
PO20 8,7358
PO20 9,2171
PO21 1,6178
PO21 2,9933
PO21 3,8015
PO21 4,7269
PO21 5,8907
PO22 0,3808
PO22 6,5855
PO22 7,5604
PO22 8,5714
PO22 9,7369
PO3  5,7618
PO3  6,11668
PO30 1,7158
PO30 2,5310
PO30 3,2331
PO30 4,3094
PO30 5,12416
PO31 7,8632
PO31 8,5766
PO32 6,8101
PO33 1,8636
PO33 2,7663
PO33 3,9379
PO33 4,5329
PO34 5,2083
PO35 5,3688
PO36 0,4656
PO36 8,5241
PO36 9,7061
PO37 6,3428
PO37 7,5644
PO38 1,5976
PO38 2,2721
PO38 3,3850
PO39 0,2645
PO4  0,14280
PO4  8,14436
PO4  9,15353
PO40 9,5436
PO41 0,2021
PO5  1,9291
PO5  2,7459
PO5  3,5735
PO5  4,7438
PO6  1,8542
PO6  2,11472
PO6  3,9893
PO6  4,10656
PO7  4,1165
PO7  5,11576
PO7  6,9878
PO7  7,9057
PO7  8,8496
PO8  0,9625
PO8  8,9478
PO8  9,14737
PO9  1,5287
PO9  2,10430
PO9  3,10081
PO9  4,10577
PO9  5,9451
PO9  6,2863
PR1  0,9635
PR1  1,3702
PR1  2,1592
PR1  3,3436
PR1  4,8826
PR1  5,9090
PR1  6,10975
PR1  7,6455
PR1  8,5544
PR1  9,12294
PR2  1,15065
PR2  2,8437
PR2  3,14910
PR2  5,2855
PR2  6,15644
PR2  7,4296
PR2  8,6844
PR2  9,11157
PR25 1,8635
PR25 2,5154
PR25 3,6738
PR25 4,5998
PR25 5,4256
PR26 6,2928
PR26 7,6402
PR26 8,2672
PR26 9,3586
PR3  0,7442
PR3  1,10282
PR3  2,5557
PR3  3,9023
PR3  5,3021
PR3  6,2646
PR4  0,7190
PR4  1,9474
PR4  2,8567
PR4  3,8357
PR4  4,6152
PR4  5,8162
PR4  6,9693
PR5  0,5569
PR5  4,11152
PR5  5,10061
PR5  6,9276
PR5  8,5145
PR6  0,10257
PR6  7,10188
PR6  8,6679
PR6  9,7567
PR7  1,6640
PR7  2,9799
PR7  3,8608
PR7  4,7003
PR7  5,10475
PR7  6,8749
PR7  7,4178
PR8  1,3057
PR8  2,8916
PR8  3,12059
PR8  4,11186
PR8  5,6212
PR8  6,12188
PR9  0,7211
PR9  7,11302
PR9  8,10127
PR9  9,14260
RG1  1,437
RG1  2,4036
RG1  3,7390
RG1  4,2590
RG1  5,9454
RG1  6,8793
RG1  7,7078
RG1  8,2554
RG10 0,5721
RG10 8,3648
RG10 9,8887
RG12 0,7477
RG12 2,5595
RG12 7,17418
RG12 8,11317
RG12 9,10076
RG14 1,6468
RG14 2,8257
RG14 3,883
RG14 5,4426
RG14 6,8651
RG14 7,9153
RG17 0,6130
RG17 7,2475
RG17 8,3100
RG17 9,3389
RG18 0,1201
RG18 3,6783
RG18 4,4792
RG18 9,6280
RG19 3,7220
RG19 4,7222
RG19 8,3214
RG2  0,5661
RG2  7,11447
RG2  8,12338
RG2  9,8170
RG20 0,2221
RG20 4,1048
RG20 5,3164
RG20 6,1571
RG20 7,2046
RG20 8,3653
RG20 9,5181
RG21 3,7907
RG21 4,3136
RG21 5,7787
RG21 6,506
RG21 7,3632
RG21 8,3959
RG22 4,20955
RG22 5,10435
RG22 6,10372
RG23 7,5288
RG23 8,6981
RG24 7,4041
RG24 8,11200
RG24 9,16015
RG25 2,4183
RG25 3,4522
RG26 3,8445
RG26 4,4553
RG26 5,9135
RG27 0,5473
RG27 8,6525
RG27 9,9028
RG28 7,5786
RG29 1,7143
RG30 1,4940
RG30 2,12408
RG30 3,8542
RG30 4,12010
RG30 6,6231
RG31 4,4468
RG31 5,6676
RG31 6,9562
RG31 7,6570
RG4  5,6777
RG4  6,7182
RG4  7,9079
RG4  8,10327
RG4  9,5769
RG40 1,7704
RG40 2,4558
RG40 3,4640
RG40 4,7794
RG40 5,1784
RG41 1,3739
RG41 2,4756
RG41 3,6530
RG41 4,3917
RG41 5,9284
RG42 1,4670
RG42 2,6382
RG42 3,5889
RG42 4,4279
RG42 5,1652
RG42 6,1429
RG42 7,1740
RG45 6,8596
RG45 7,5969
RG5  3,10948
RG5  4,14287
RG6  1,8622
RG6  3,6072
RG6  4,7690
RG6  5,6514
RG6  6,1180
RG6  7,7859
RG7  1,6715
RG7  2,2029
RG7  3,10046
RG7  4,3064
RG7  5,5618
RG7  6,4472
RG8  0,5398
RG8  7,4552
RG8  8,5891
RG8  9,3091
RG9  1,9150
RG9  2,2469
RG9  3,1969
RG9  4,2128
RG9  5,4242
RG9  6,3196
RH1  1,5189
RH1  2,7465
RH1  3,8473
RH1  4,5891
RH1  5,8316
RH1  6,10791
RH10 1,6705
RH10 3,12129
RH10 4,7087
RH10 5,6078
RH10 6,9542
RH10 7,17613
RH10 8,6065
RH11 0,9527
RH11 6,2838
RH11 7,13156
RH11 8,15769
RH11 9,14526
RH12 1,7208
RH12 2,7673
RH12 3,8688
RH12 4,10069
RH12 5,10138
RH13 0,5064
RH13 5,9331
RH13 6,8314
RH13 8,6370
RH13 9,9029
RH14 0,5855
RH14 9,8232
RH15 0,10988
RH15 8,11652
RH15 9,8905
RH16 1,7049
RH16 2,7255
RH16 3,10173
RH16 4,9073
RH17 5,6813
RH17 6,5477
RH17 7,6973
RH18 5,4453
RH19 1,7145
RH19 2,7202
RH19 3,11043
RH19 4,8089
RH2  0,7851
RH2  7,7355
RH2  8,7070
RH2  9,3953
RH20 1,5013
RH20 2,6780
RH20 3,6428
RH20 4,6747
RH3  7,4366
RH4  1,5223
RH4  2,4998
RH4  3,5258
RH5  4,7105
RH5  5,5314
RH5  6,4126
RH6  0,2633
RH6  7,5988
RH6  8,8989
RH6  9,11707
RH7  6,9222
RH8  0,9717
RH8  9,5829
RH9  8,5443
RM1  1,1538
RM1  2,4296
RM1  3,1815
RM1  4,11961
RM10 7,10993
RM10 8,14801
RM10 9,12387
RM11 1,11559
RM11 2,9622
RM11 3,10596
RM12 4,16114
RM12 5,9824
RM12 6,8302
RM13 7,9035
RM13 8,7399
RM13 9,12482
RM14 1,11267
RM14 2,8350
RM14 3,7413
RM15 4,7986
RM15 5,11192
RM15 6,8268
RM16 2,12230
RM16 3,3587
RM16 4,9864
RM16 5,758
RM16 6,14697
RM17 5,12354
RM17 6,15051
RM18 7,4728
RM18 8,11936
RM19 1,6527
RM2  5,6602
RM2  6,6582
RM20 3,1958
RM20 4,2919
RM3  0,10267
RM3  7,9122
RM3  8,10551
RM3  9,10447
RM4  1,4191
RM5  2,8810
RM5  3,9534
RM6  4,11632
RM6  5,11770
RM6  6,9300
RM7  0,10834
RM7  7,5003
RM7  8,7555
RM7  9,5539
RM8  1,11371
RM8  2,15833
RM8  3,11869
RM9  4,12880
RM9  5,12027
RM9  6,11296
S1   2,1330
S1   3,243
S1   4,9078
S10  1,15322
S10  2,5730
S10  3,10848
S10  4,6917
S10  5,8591
S11  7,10637
S11  8,13809
S11  9,9937
S12  2,11907
S12  3,8711
S12  4,13724
S13  7,9655
S13  8,13314
S13  9,7701
S14  1,9665
S17  3,7427
S17  4,8159
S18  1,6980
S18  2,5935
S18  3,1628
S18  4,1577
S18  7,1891
S18  8,6718
S2   1,9678
S2   2,11248
S2   3,8212
S2   4,6535
S2   5,8856
S20  1,6849
S20  2,3934
S20  3,332
S20  4,3992
S20  5,5605
S20  6,2593
S20  7,3967
S20  8,4110
S21  1,7987
S21  2,1458
S21  3,3005
S21  4,7386
S21  5,1194
S25  1,1241
S25  2,8733
S25  3,2018
S25  4,6604
S25  5,2505
S26  1,1634
S26  2,6904
S26  3,2539
S26  4,5863
S26  5,3266
S26  6,3803
S26  7,1879
S3   7,10905
S3   8,3074
S3   9,5351
S32  1,2018
S32  2,909
S32  3,1331
S32  4,470
S32  5,969
S33  0,1531
S33  6,1019
S33  7,353
S33  8,642
S33  9,1416
S35  0,6524
S35  1,7237
S35  2,6157
S35  3,3302
S35  4,6360
S35  7,2941
S35  8,4532
S35  9,4348
S36  1,6969
S36  2,6100
S36  3,386
S36  4,715
S36  6,6726
S36  7,1658
S36  8,1766
S36  9,3027
S4   7,7047
S4   8,7418
S40  1,4071
S40  2,10990
S40  3,9419
S40  4,10918
S41  0,12936
S41  7,6211
S41  8,11504
S41  9,5751
S42  5,12090
S42  6,11307
S42  7,4831
S43  1,8788
S43  2,7296
S43  3,13700
S43  4,10565
S44  5,8293
S44  6,13407
S45  0,1576
S45  8,3841
S45  9,8205
S5   0,11281
S5   6,12926
S5   7,12833
S5   8,13176
S5   9,9652
S6   1,11745
S6   2,7769
S6   3,7787
S6   4,13282
S6   5,9748
S6   6,7921
S60  1,1255
S60  2,6799
S60  3,7661
S60  4,6391
S60  5,15189
S61  1,7153
S61  2,12772
S61  3,7766
S61  4,8129
S62  5,6717
S62  6,4565
S62  7,8694
S63  0,8687
S63  6,8978
S63  7,6731
S63  8,7136
S63  9,6564
S64  0,7610
S64  5,2262
S64  8,12988
S64  9,7836
S65  1,5719
S65  2,13534
S65  3,8754
S65  4,7568
S66  1,5570
S66  2,9223
S66  3,6772
S66  7,10099
S66  8,9293
S66  9,5226
S7   1,9635
S7   2,7801
S70  1,5674
S70  2,1620
S70  3,7966
S70  4,8132
S70  5,7795
S70  6,7652
S71  1,8048
S71  2,9076
S71  3,9519
S71  4,10069
S71  5,8180
S72  0,3344
S72  7,4672
S72  8,12926
S72  9,4412
S73  0,11826
S73  8,8327
S73  9,6861
S74  0,7431
S74  8,4148
S74  9,6131
S75  1,7013
S75  2,8657
S75  3,7691
S75  4,4737
S75  5,8628
S75  6,6872
S8   0,11060
S8   7,12494
S8   8,12634
S8   9,9986
S80  1,5506
S80  2,9618
S80  3,4979
S80  4,9929
S81  0,11146
S81  7,10563
S81  8,7707
S81  9,7928
S9   1,12124
S9   3,3467
S9   4,8304
S9   5,4194
SE1  0,4859
SE1  1,4274
SE1  2,7893
SE1  3,8896
SE1  4,10678
SE1  5,11349
SE1  6,6408
SE1  7,5591
SE1  8,4070
SE1  9,3019
SE10 0,7819
SE10 8,7517
SE10 9,8651
SE11 4,8860
SE11 5,7300
SE11 6,5814
SE12 0,8642
SE12 8,7958
SE12 9,10543
SE13 5,12725
SE13 6,11961
SE13 7,17592
SE14 5,15038
SE14 6,9641
SE15 1,7119
SE15 2,12538
SE15 3,14373
SE15 4,8383
SE15 5,9579
SE15 6,12367
SE16 2,10116
SE16 3,10229
SE16 4,6665
SE16 5,6352
SE16 6,4915
SE16 7,6680
SE17 1,7836
SE17 2,13729
SE17 3,12026
SE18 1,14635
SE18 2,10055
SE18 3,11788
SE18 4,7685
SE18 5,10374
SE18 6,9766
SE18 7,13081
SE19 1,8804
SE19 2,7789
SE19 3,11057
SE2  0,12590
SE2  9,14514
SE20 7,11585
SE20 8,11296
SE21 7,3902
SE21 8,11357
SE22 0,10440
SE22 8,10659
SE22 9,8639
SE23 1,8639
SE23 2,12961
SE23 3,11889
SE24 0,9256
SE24 9,9658
SE25 4,12515
SE25 5,9473
SE25 6,12698
SE26 4,9781
SE26 5,7941
SE26 6,10656
SE27 0,12554
SE27 9,9282
SE28 0,11234
SE28 8,18254
SE3  0,6061
SE3  7,8652
SE3  8,9513
SE3  9,7564
SE4  1,17285
SE4  2,11438
SE5  0,9259
SE5  7,10806
SE5  8,14703
SE5  9,11488
SE6  1,16764
SE6  2,13369
SE6  3,11129
SE6  4,12009
SE7  7,12035
SE7  8,9104
SE8  3,10520
SE8  4,7542
SE8  5,9797
SE9  1,11716
SE9  2,10067
SE9  3,12849
SE9  4,12003
SE9  5,7193
SE9  6,9024
SG1  1,7227
SG1  2,7325
SG1  3,8240
SG1  4,10655
SG1  5,11072
SG1  6,6731
SG10 6,2087
SG11 1,5014
SG11 2,2955
SG12 0,9464
SG12 7,8788
SG12 8,6471
SG12 9,5344
SG13 7,10747
SG13 8,5896
SG14 1,2521
SG14 2,7248
SG14 3,9029
SG15 6,5584
SG16 6,6110
SG17 5,12203
SG18 0,7559
SG18 8,9688
SG18 9,6881
SG19 1,9649
SG19 2,9422
SG19 3,5026
SG2  0,8148
SG2  7,7753
SG2  8,12756
SG2  9,13455
SG3  6,7068
SG4  0,8805
SG4  7,5109
SG4  8,6582
SG4  9,8716
SG5  1,7232
SG5  2,8205
SG5  3,6338
SG5  4,9632
SG6  1,7167
SG6  2,7802
SG6  3,6125
SG6  4,12155
SG7  5,4406
SG7  6,8870
SG8  0,4070
SG8  5,10627
SG8  6,7240
SG8  7,7620
SG8  8,3365
SG8  9,5355
SG9  0,3220
SG9  9,6154
SK1  2,1635
SK1  3,2495
SK1  4,7420
SK10 1,3206
SK10 2,10749
SK10 3,10347
SK10 4,6390
SK10 5,9112
SK11 0,4208
SK11 6,3687
SK11 7,11697
SK11 8,12796
SK11 9,4159
SK12 1,14260
SK12 2,4812
SK13 0,1943
SK13 1,6899
SK13 2,3700
SK13 5,1437
SK13 6,6113
SK13 7,3872
SK13 8,9126
SK14 1,5911
SK14 2,4141
SK14 3,6487
SK14 4,12573
SK14 5,9854
SK14 6,4389
SK14 8,2878
SK15 1,8991
SK15 2,9184
SK15 3,9249
SK16 4,8400
SK16 5,11245
SK17 0,2935
SK17 6,8296
SK17 7,7427
SK17 8,5515
SK17 9,8034
SK2  5,14129
SK2  6,7566
SK2  7,7214
SK22 1,1127
SK22 2,2381
SK22 3,3077
SK22 4,5645
SK23 0,4579
SK23 6,2142
SK23 7,7873
SK23 9,2531
SK3  0,7081
SK3  8,12530
SK3  9,8776
SK4  1,3645
SK4  2,7980
SK4  3,8354
SK4  4,7543
SK4  5,7282
SK5  6,13968
SK5  7,8222
SK5  8,6964
SK6  1,9330
SK6  2,7055
SK6  3,4718
SK6  4,6629
SK6  5,5792
SK6  6,6588
SK6  7,6873
SK6  8,3828
SK7  1,6761
SK7  2,7106
SK7  3,6678
SK7  4,7388
SK7  5,5876
SK7  6,6645
SK8  1,5536
SK8  2,6923
SK8  3,12440
SK8  4,8557
SK8  5,8382
SK8  6,7783
SK8  7,8725
SK9  1,2340
SK9  2,8953
SK9  3,6266
SK9  4,4067
SK9  5,5052
SK9  6,5285
SK9  7,6038
SL0  0,5578
SL0  9,5541
SL1  1,5761
SL1  2,16380
SL1  3,15764
SL1  4,447
SL1  5,13811
SL1  6,7377
SL1  7,5263
SL1  8,3469
SL1  9,2532
SL2  1,15252
SL2  2,7898
SL2  3,7167
SL2  4,5472
SL2  5,17501
SL3  0,3914
SL3  6,3023
SL3  7,14979
SL3  8,17315
SL3  9,5932
SL4  1,3184
SL4  2,6578
SL4  3,8767
SL4  4,10503
SL4  5,9345
SL4  6,4970
SL5  0,3783
SL5  7,5397
SL5  8,7203
SL5  9,7487
SL6  0,4814
SL6  1,5036
SL6  2,10716
SL6  3,11158
SL6  4,7725
SL6  5,6804
SL6  6,9567
SL6  7,9409
SL6  8,6501
SL6  9,6107
SL7  1,7292
SL7  2,5543
SL7  3,8111
SL8  5,6448
SL9  0,5190
SL9  7,5400
SL9  8,4463
SL9  9,5730
SM1  1,2530
SM1  2,13885
SM1  3,11734
SM1  4,9913
SM2  5,12174
SM2  6,9810
SM2  7,5704
SM3  8,7513
SM3  9,13505
SM4  4,14514
SM4  5,9248
SM4  6,13079
SM5  1,13233
SM5  2,11208
SM5  3,7858
SM5  4,6383
SM6  0,6159
SM6  7,6455
SM6  8,11533
SM6  9,12347
SM7  1,6858
SM7  2,6891
SM7  3,4514
SN1  1,783
SN1  2,9119
SN1  3,6107
SN1  4,7426
SN1  5,5383
SN1  7,847
SN10 1,3942
SN10 2,6430
SN10 3,7604
SN10 4,5268
SN10 5,8300
SN11 0,6041
SN11 8,7377
SN11 9,8940
SN12 6,9714
SN12 7,9761
SN12 8,5736
SN13 0,4756
SN13 8,2524
SN13 9,9249
SN14 0,12717
SN14 6,7400
SN14 7,2761
SN14 8,5205
SN15 1,6720
SN15 2,5081
SN15 3,11587
SN15 4,8219
SN15 5,3502
SN16 0,5989
SN16 9,7842
SN2  1,13492
SN2  2,10816
SN2  5,5824
SN2  7,8746
SN2  8,2270
SN25 1,9952
SN25 2,9693
SN25 3,7562
SN25 4,7998
SN26 7,1537
SN26 8,290
SN3  1,7725
SN3  2,11009
SN3  3,8666
SN3  4,12638
SN3  5,4476
SN3  6,6603
SN4  0,7884
SN4  7,6796
SN4  8,6406
SN4  9,6542
SN5  0,374
SN5  3,1029
SN5  4,3897
SN5  5,8866
SN5  6,4811
SN5  7,3667
SN5  8,10357
SN6  6,6975
SN6  7,8881
SN6  8,5305
SN7  7,9091
SN7  8,4393
SN8  1,6804
SN8  2,6121
SN8  3,6890
SN8  4,4203
SN9  5,5005
SN9  6,3125
SO14 0,7763
SO14 1,3463
SO14 2,1150
SO14 3,6332
SO14 5,2508
SO14 6,5988
SO14 7,247
SO15 0,1233
SO15 1,1618
SO15 2,10023
SO15 3,6986
SO15 4,3154
SO15 5,12549
SO15 7,2930
SO15 8,3619
SO16 0,1529
SO16 2,821
SO16 3,11168
SO16 4,7223
SO16 5,7542
SO16 6,7301
SO16 7,6206
SO16 8,12358
SO16 9,11770
SO17 1,6840
SO17 2,7729
SO17 3,4753
SO18 1,8209
SO18 2,10462
SO18 3,4203
SO18 4,4138
SO18 5,7714
SO18 6,2264
SO19 0,3784
SO19 1,2947
SO19 2,6233
SO19 4,1969
SO19 5,1560
SO19 6,9244
SO19 7,7433
SO19 8,8190
SO19 9,14982
SO20 6,4346
SO20 8,3735
SO21 1,7285
SO21 2,6172
SO21 3,6100
SO22 4,11717
SO22 5,7831
SO22 6,9063
SO23 0,5490
SO23 7,9186
SO23 8,2740
SO23 9,4948
SO24 0,4264
SO24 9,7060
SO30 0,6658
SO30 2,13627
SO30 3,6124
SO30 4,5869
SO31 1,1743
SO31 4,4695
SO31 5,6338
SO31 6,11326
SO31 7,6846
SO31 8,6955
SO31 9,6830
SO32 1,7386
SO32 2,9502
SO32 3,2864
SO40 2,9306
SO40 3,7229
SO40 4,6141
SO40 7,5375
SO40 8,8227
SO40 9,5577
SO41 0,9898
SO41 3,2730
SO41 5,1421
SO41 6,3644
SO41 8,7110
SO41 9,6585
SO42 7,5273
SO43 7,4391
SO45 1,7879
SO45 2,6582
SO45 3,4736
SO45 4,5362
SO45 5,6965
SO45 6,3463
SO50 4,9080
SO50 5,10176
SO50 6,6202
SO50 7,8008
SO50 8,6741
SO50 9,6183
SO51 0,4169
SO51 5,4093
SO51 6,4535
SO51 7,8272
SO51 8,4633
SO51 9,876
SO52 9,7037
SO53 1,5232
SO53 2,8335
SO53 3,6437
SO53 4,7462
SO53 5,4993
SP1  1,4949
SP1  2,3922
SP1  3,12620
SP10 1,3889
SP10 2,9767
SP10 3,14110
SP10 4,6845
SP10 5,6041
SP11 0,3439
SP11 6,4351
SP11 7,4452
SP11 8,4080
SP11 9,7124
SP2  0,4922
SP2  7,7230
SP2  8,8325
SP2  9,8832
SP3  4,4241
SP3  5,2913
SP3  6,4149
SP4  0,2616
SP4  6,4011
SP4  7,10825
SP4  8,7993
SP4  9,5666
SP5  1,4699
SP5  2,6223
SP5  3,5734
SP5  4,2255
SP5  5,3450
SP6  1,6411
SP6  2,2736
SP6  3,4900
SP7  0,2599
SP7  8,7094
SP7  9,3863
SP8  4,11278
SP8  5,3292
SP9  7,10678
SR1  1,939
SR1  2,3498
SR1  3,977
SR2  0,9680
SR2  7,8699
SR2  8,6974
SR2  9,7580
SR3  1,12522
SR3  2,10449
SR3  3,9449
SR3  4,6992
SR4  0,7259
SR4  6,8461
SR4  7,10212
SR4  8,9377
SR4  9,6271
SR5  1,6013
SR5  2,5112
SR5  3,8465
SR5  4,6136
SR5  5,9066
SR6  0,5742
SR6  7,9778
SR6  8,6144
SR6  9,8422
SR7  0,5838
SR7  7,10129
SR7  8,7522
SR7  9,7676
SR8  1,4651
SR8  2,8279
SR8  3,7573
SR8  4,7916
SR8  5,7025
SS0  0,9970
SS0  7,10059
SS0  8,7844
SS0  9,13581
SS1  1,3138
SS1  2,14061
SS1  3,8754
SS11 7,7001
SS11 8,9737
SS12 0,6959
SS12 9,11070
SS13 1,9231
SS13 2,5396
SS13 3,7497
SS14 1,9518
SS14 2,11007
SS14 3,4390
SS15 4,5443
SS15 5,16186
SS15 6,8634
SS16 4,11825
SS16 5,9879
SS16 6,7786
SS17 0,8181
SS17 7,11475
SS17 8,9021
SS17 9,4146
SS2  4,16707
SS2  5,8417
SS2  6,11331
SS3  0,7327
SS3  8,5606
SS3  9,15671
SS4  1,11621
SS4  2,843
SS4  3,8529
SS5  4,9369
SS5  5,5888
SS5  6,6283
SS6  7,6613
SS6  8,12843
SS6  9,12336
SS7  1,9343
SS7  2,9707
SS7  3,10934
SS7  4,8696
SS7  5,10576
SS8  0,6890
SS8  7,8132
SS8  8,7474
SS8  9,15674
SS9  1,9711
SS9  2,8307
SS9  3,10504
SS9  4,9703
SS9  5,11853
ST1  2,3631
ST1  3,4998
ST1  4,4069
ST1  5,3319
ST1  6,13843
ST10 1,11283
ST10 2,5191
ST10 3,2223
ST10 4,6901
ST11 9,9995
ST12 9,3809
ST13 5,6307
ST13 6,6208
ST13 7,6781
ST13 8,8685
ST14 5,4748
ST14 7,8383
ST14 8,7414
ST15 0,8964
ST15 8,12448
ST16 1,12949
ST16 2,1716
ST16 3,16290
ST17 0,12204
ST17 4,12322
ST17 9,15192
ST18 0,10721
ST18 9,5502
ST19 5,8526
ST19 9,6225
ST2  0,10287
ST2  7,8011
ST2  8,7269
ST2  9,8625
ST20 0,6711
ST21 6,5674
ST3  1,5757
ST3  2,7801
ST3  3,7937
ST3  4,9272
ST3  5,13915
ST3  6,9687
ST3  7,13301
ST4  1,1335
ST4  2,7363
ST4  3,7319
ST4  4,6533
ST4  5,7816
ST4  6,8009
ST4  7,6742
ST4  8,12080
ST5  0,9063
ST5  1,3084
ST5  2,9149
ST5  3,9535
ST5  4,6179
ST5  5,5936
ST5  6,8796
ST5  7,11636
ST5  8,11532
ST5  9,7490
ST6  1,7253
ST6  2,2891
ST6  3,3415
ST6  4,4778
ST6  5,10086
ST6  6,14103
ST6  7,9374
ST6  8,12554
ST7  1,11024
ST7  2,11893
ST7  3,7451
ST7  4,14601
ST7  8,7914
ST8  6,11226
ST8  7,9149
ST9  0,6155
ST9  9,5510
SW10 0,9055
SW10 9,9423
SW11 1,9502
SW11 2,13912
SW11 3,11688
SW11 4,8147
SW11 5,17165
SW11 6,11303
SW12 0,7826
SW12 8,12832
SW12 9,10928
SW13 0,6917
SW13 8,1917
SW13 9,7356
SW14 7,7593
SW14 8,9237
SW15 1,10044
SW15 2,10338
SW15 3,11536
SW15 4,10338
SW15 5,9901
SW15 6,8299
SW16 1,10750
SW16 2,16493
SW16 3,8864
SW16 4,13469
SW16 5,17193
SW16 6,14158
SW17 0,14832
SW17 6,1806
SW17 7,12324
SW17 8,19501
SW17 9,15752
SW18 1,10734
SW18 2,9817
SW18 3,14557
SW18 4,10453
SW18 5,13431
SW19 1,10393
SW19 2,12147
SW19 3,10792
SW19 4,6463
SW19 5,3987
SW19 6,12029
SW19 7,6379
SW19 8,15486
SW1A 1,246
SW1E 5,258
SW1E 6,661
SW1H 0,388
SW1H 9,346
SW1P 1,2590
SW1P 2,3526
SW1P 3,855
SW1P 4,6537
SW1V 1,2144
SW1V 2,5743
SW1V 3,8580
SW1V 4,6107
SW1W 0,695
SW1W 8,5565
SW1W 9,2297
SW1X 0,1894
SW1X 7,998
SW1X 8,1447
SW1X 9,1687
SW1Y 4,299
SW1Y 6,251
SW2  1,7312
SW2  2,12003
SW2  3,13760
SW2  4,11238
SW2  5,10018
SW20 0,9083
SW20 8,10556
SW20 9,8636
SW3  1,1100
SW3  2,4485
SW3  3,4352
SW3  4,4203
SW3  5,4989
SW3  6,3041
SW4  0,6382
SW4  6,10356
SW4  7,8423
SW4  8,7320
SW4  9,7105
SW5  0,7010
SW5  9,8483
SW6  1,7004
SW6  2,12535
SW6  3,8994
SW6  4,7300
SW6  5,7657
SW6  6,11475
SW6  7,10184
SW7  1,3739
SW7  2,2283
SW7  3,4444
SW7  4,4328
SW7  5,5058
SW8  1,11047
SW8  2,10224
SW8  3,6226
SW8  4,8539
SW8  5,372
SW9  0,11392
SW9  6,5951
SW9  7,8890
SW9  8,5556
SW9  9,11610
SY1  1,1532
SY1  2,7160
SY1  3,8429
SY1  4,9415
SY10 0,2231
SY10 7,4078
SY10 8,3527
SY10 9,4827
SY11 1,6031
SY11 2,10751
SY11 3,5779
SY11 4,4453
SY12 0,4437
SY12 9,3813
SY13 1,9710
SY13 2,4062
SY13 3,3027
SY13 4,2750
SY14 7,2424
SY14 8,3220
SY15 6,5199
SY16 1,6685
SY16 2,4253
SY16 3,2743
SY16 4,2551
SY17 5,3553
SY18 6,4648
SY19 7,1169
SY2  5,11879
SY2  6,5656
SY20 8,4577
SY20 9,2344
SY21 0,2821
SY21 7,5948
SY21 8,4695
SY21 9,2786
SY22 5,1999
SY22 6,7535
SY23 1,7301
SY23 2,3967
SY23 3,11362
SY23 4,5401
SY23 5,2827
SY24 5,4663
SY25 6,4343
SY3  0,5079
SY3  5,4352
SY3  6,2672
SY3  7,7834
SY3  8,8820
SY3  9,5028
SY4  1,3120
SY4  2,2806
SY4  3,3967
SY4  4,5870
SY4  5,8777
SY5  0,6433
SY5  6,3890
SY5  7,3172
SY5  8,3128
SY5  9,4665
SY6  6,4113
SY6  7,2441
SY7  0,3547
SY7  8,3623
SY7  9,4714
SY8  1,8438
SY8  2,3414
SY8  3,3423
SY8  4,3358
SY9  5,2895
TA1  1,5752
TA1  2,12921
TA1  3,8033
TA1  4,6096
TA1  5,6671
TA10 0,3950
TA10 9,5320
TA11 6,6430
TA11 7,2736
TA12 6,6353
TA13 5,3973
TA14 6,2986
TA15 6,831
TA16 5,1979
TA17 8,442
TA18 7,3838
TA18 8,6201
TA19 0,5772
TA19 9,5916
TA2  6,8551
TA2  7,10017
TA2  8,7956
TA20 1,7780
TA20 2,7552
TA20 3,2690
TA20 4,2310
TA21 0,4092
TA21 8,7262
TA21 9,6801
TA22 9,2619
TA23 0,5681
TA24 5,6406
TA24 6,5373
TA24 7,1846
TA24 8,5025
TA3  5,5773
TA3  6,4606
TA3  7,4033
TA4  1,5280
TA4  2,4234
TA4  3,5375
TA4  4,3960
TA5  1,5260
TA5  2,4895
TA6  3,9569
TA6  4,12650
TA6  5,5934
TA6  6,11145
TA6  7,7022
TA7  0,4917
TA7  8,5948
TA7  9,4117
TA8  1,7558
TA8  2,9380
TA9  3,8188
TA9  4,4192
TD12 4,1163
TD15 1,5448
TD15 2,11713
TF1  1,4312
TF1  2,7106
TF1  3,7596
TF1  5,8583
TF1  6,9547
TF10 7,10514
TF10 8,4503
TF10 9,3381
TF11 8,6357
TF11 9,3550
TF12 5,5609
TF13 6,3696
TF2  0,2639
TF2  6,6938
TF2  7,7869
TF2  8,10334
TF2  9,11033
TF3  1,10859
TF3  2,9044
TF3  5,4051
TF4  2,9126
TF4  3,9072
TF5  0,5346
TF6  5,1435
TF6  6,3562
TF7  4,5915
TF7  5,11716
TF8  7,2903
TF9  1,6282
TF9  2,6121
TF9  3,8252
TF9  4,4810
TN1  1,3831
TN1  2,7416
TN10 3,7971
TN10 4,8312
TN11 0,4404
TN11 8,3689
TN11 9,5779
TN12 0,5947
TN12 5,3306
TN12 6,10404
TN12 7,2863
TN12 8,2435
TN12 9,4520
TN13 1,5429
TN13 2,9270
TN13 3,10294
TN14 5,6698
TN14 6,3324
TN14 7,4948
TN15 0,4231
TN15 6,9660
TN15 7,3440
TN15 8,5065
TN15 9,1942
TN16 1,5023
TN16 2,2509
TN16 3,11761
TN17 1,2552
TN17 2,3581
TN17 3,4799
TN17 4,3788
TN18 4,3963
TN18 5,2649
TN19 7,5000
TN2  3,9910
TN2  4,8619
TN2  5,9899
TN20 6,3718
TN21 0,5862
TN21 8,7152
TN21 9,2969
TN22 1,6310
TN22 2,3391
TN22 3,4230
TN22 4,3480
TN22 5,8772
TN23 1,1721
TN23 3,13916
TN23 4,5160
TN23 5,14538
TN23 6,1529
TN23 7,3032
TN24 0,14213
TN24 8,6051
TN24 9,11355
TN25 4,4842
TN25 5,3585
TN25 6,4976
TN25 7,2153
TN26 1,2730
TN26 2,3484
TN26 3,4968
TN27 0,4069
TN27 8,3875
TN27 9,4460
TN28 8,8455
TN29 0,7442
TN29 9,6315
TN3  0,5602
TN3  8,1706
TN3  9,4414
TN30 6,5626
TN30 7,3681
TN31 6,6443
TN31 7,7099
TN32 5,5238
TN33 0,8195
TN33 9,4550
TN34 1,5736
TN34 2,12297
TN34 3,11658
TN35 4,6721
TN35 5,10486
TN36 4,2303
TN37 6,10187
TN37 7,10374
TN38 0,14113
TN38 8,4684
TN38 9,10238
TN39 3,10315
TN39 4,9871
TN39 5,5582
TN4  0,9053
TN4  8,9096
TN4  9,14090
TN40 1,7293
TN40 2,10129
TN5  6,4883
TN5  7,3873
TN6  1,8075
TN6  2,10317
TN6  3,6038
TN7  4,2151
TN8  5,5213
TN8  6,4838
TN8  7,2629
TN9  1,7019
TN9  2,11016
TQ1  1,8188
TQ1  2,4401
TQ1  3,8995
TQ1  4,10117
TQ10 9,4029
TQ11 0,4133
TQ12 1,11294
TQ12 2,5195
TQ12 3,10451
TQ12 4,8588
TQ12 5,8912
TQ12 6,8554
TQ13 0,6075
TQ13 7,5492
TQ13 8,3836
TQ13 9,7731
TQ14 0,1762
TQ14 8,7484
TQ14 9,10215
TQ2  5,4816
TQ2  6,10317
TQ2  7,10884
TQ2  8,7527
TQ3  1,8322
TQ3  2,8401
TQ3  3,13645
TQ4  5,5806
TQ4  6,4100
TQ4  7,8741
TQ5  0,5974
TQ5  8,5028
TQ5  9,8302
TQ6  0,3203
TQ6  9,5064
TQ7  1,5887
TQ7  2,3869
TQ7  3,3693
TQ7  4,3043
TQ8  8,2071
TQ9  5,8076
TQ9  6,4674
TQ9  7,4509
TR1  1,8673
TR1  2,3237
TR1  3,8624
TR10 8,7093
TR10 9,4165
TR11 2,8326
TR11 3,4708
TR11 4,6783
TR11 5,9009
TR12 6,4128
TR12 7,5456
TR13 0,4280
TR13 8,10090
TR13 9,5453
TR14 0,4673
TR14 7,8751
TR14 8,8832
TR14 9,2376
TR15 1,6060
TR15 2,6140
TR15 3,7894
TR16 4,5380
TR16 5,5115
TR16 6,3665
TR17 0,1447
TR18 2,5246
TR18 3,6371
TR18 4,4719
TR18 5,3536
TR19 6,3300
TR19 7,5733
TR2  4,5322
TR2  5,4143
TR20 8,4709
TR20 9,4584
TR21 0,1723
TR22 0,169
TR24 0,175
TR25 0,136
TR26 1,3741
TR26 2,6225
TR26 3,1676
TR27 4,7292
TR27 5,4287
TR27 6,3187
TR3  6,7899
TR3  7,4500
TR4  8,6028
TR4  9,5019
TR5  0,3884
TR6  0,3516
TR7  1,6213
TR7  2,8389
TR7  3,5587
TR8  4,3506
TR8  5,4467
TR9  6,8224
TS1  1,148
TS1  2,1453
TS1  3,5898
TS1  4,8514
TS1  5,1189
TS10 1,6995
TS10 2,11089
TS10 3,5437
TS10 4,8928
TS10 5,4624
TS11 6,3893
TS11 7,4389
TS11 8,3663
TS12 1,5958
TS12 2,12848
TS12 3,3708
TS13 4,7988
TS13 5,2381
TS14 6,6875
TS14 7,5767
TS14 8,4985
TS15 0,2404
TS15 9,10398
TS16 0,7444
TS16 9,3005
TS17 0,13994
TS17 5,10340
TS17 6,4371
TS17 7,2160
TS17 8,6499
TS17 9,7755
TS18 1,2329
TS18 2,3341
TS18 3,6007
TS18 4,6292
TS18 5,6908
TS19 0,12340
TS19 7,8982
TS19 8,10013
TS19 9,5780
TS2  1,773
TS20 1,11234
TS20 2,9503
TS21 1,3934
TS21 2,2977
TS21 3,3171
TS21 4,2588
TS22 5,8506
TS23 1,5989
TS23 2,7748
TS23 3,14796
TS23 4,1692
TS24 0,6441
TS24 7,1320
TS24 8,6147
TS24 9,7932
TS25 1,9183
TS25 2,7798
TS25 3,5621
TS25 4,5822
TS25 5,10403
TS26 0,12751
TS26 8,5546
TS26 9,7153
TS27 3,5389
TS27 4,6938
TS28 5,5277
TS29 6,6266
TS3  0,7213
TS3  6,3122
TS3  7,7171
TS3  8,4484
TS3  9,7663
TS4  2,8428
TS4  3,8801
TS5  4,5796
TS5  5,8076
TS5  6,7896
TS5  7,6444
TS5  8,11505
TS6  0,10184
TS6  6,3150
TS6  7,4725
TS6  8,2917
TS6  9,9374
TS7  0,6536
TS7  8,9241
TS7  9,6010
TS8  0,9474
TS8  9,11537
TS9  5,5323
TS9  6,5196
TS9  7,2218
TW1  1,8117
TW1  2,6153
TW1  3,3764
TW1  4,7358
TW10 5,2986
TW10 6,8397
TW10 7,7769
TW11 0,6598
TW11 8,8507
TW11 9,8305
TW12 1,7030
TW12 2,9427
TW12 3,6553
TW13 4,12679
TW13 5,9537
TW13 6,8306
TW13 7,5736
TW14 0,6093
TW14 8,9711
TW14 9,12219
TW15 1,10483
TW15 2,8024
TW15 3,8955
TW16 5,5046
TW16 6,5601
TW16 7,9496
TW17 0,5308
TW17 8,6423
TW17 9,2511
TW18 1,8919
TW18 2,7545
TW18 3,4396
TW18 4,5313
TW19 5,3954
TW19 6,1371
TW19 7,10694
TW2  5,9427
TW2  6,10633
TW2  7,10585
TW20 0,10297
TW20 8,7854
TW20 9,6694
TW3  1,8341
TW3  2,10436
TW3  3,12504
TW3  4,8887
TW4  5,9918
TW4  6,5731
TW4  7,11580
TW5  0,13955
TW5  9,15508
TW7  4,7975
TW7  5,9162
TW7  6,10529
TW7  7,9874
TW8  0,8715
TW8  8,5007
TW8  9,5945
TW9  1,4073
TW9  2,6466
TW9  3,4529
TW9  4,6563
UB1  1,10330
UB1  2,20011
UB1  3,10033
UB10 0,10714
UB10 8,12043
UB10 9,10737
UB2  4,12999
UB2  5,19240
UB3  1,9967
UB3  2,14063
UB3  3,7647
UB3  4,10406
UB3  5,6050
UB4  0,14378
UB4  8,13011
UB4  9,12227
UB5  4,16225
UB5  5,12826
UB5  6,16904
UB6  0,12639
UB6  7,8723
UB6  8,14624
UB6  9,15378
UB7  0,3777
UB7  7,9033
UB7  8,7132
UB7  9,9710
UB8  1,5018
UB8  2,12336
UB8  3,19250
UB9  4,2411
UB9  5,4728
UB9  6,7399
W10  4,10506
W10  5,11896
W10  6,11800
W11  1,10660
W11  2,7039
W11  3,4796
W11  4,9004
W12  0,14703
W12  7,11324
W12  8,9038
W12  9,13884
W13  0,10500
W13  8,7384
W13  9,14527
W14  0,11591
W14  8,11738
W14  9,14151
W1B  1,508
W1D  3,252
W1D  4,415
W1D  6,656
W1D  7,221
W1F  0,979
W1F  7,531
W1G  6,847
W1G  7,323
W1G  8,1431
W1G  9,330
W1H  1,1114
W1H  2,1862
W1H  4,782
W1H  5,1210
W1H  7,1321
W1J  5,309
W1J  6,152
W1J  7,787
W1J  8,280
W1K  1,318
W1K  2,599
W1K  3,287
W1K  4,144
W1K  5,232
W1K  6,847
W1K  7,588
W1S  1,151
W1T  1,454
W1T  2,636
W1T  3,207
W1T  4,702
W1T  5,1809
W1T  6,252
W1U  1,357
W1U  2,247
W1U  3,543
W1U  4,1156
W1U  5,1273
W1U  6,1320
W1U  8,755
W1W  5,1532
W1W  6,2030
W1W  7,872
W2   1,7437
W2   2,5924
W2   3,7567
W2   4,7975
W2   5,11008
W2   6,8461
W3   0,6796
W3   6,12772
W3   7,13762
W3   8,11021
W3   9,8068
W4   1,8352
W4   2,9953
W4   3,11543
W4   4,5135
W4   5,9035
W5   1,10117
W5   2,10175
W5   3,10249
W5   4,14521
W5   5,4881
W6   0,12160
W6   7,6062
W6   8,8872
W6   9,8634
W7   1,9780
W7   2,7737
W7   3,11442
W8   4,3714
W8   5,4982
W8   6,5993
W8   7,5847
W9   1,13037
W9   2,11046
W9   3,13486
WA1  1,809
WA1  2,2214
WA1  3,10056
WA1  4,8454
WA10 1,2309
WA10 2,4791
WA10 3,9461
WA10 4,8230
WA10 5,6049
WA10 6,7808
WA11 0,16250
WA11 7,6603
WA11 8,5910
WA11 9,11753
WA12 0,4310
WA12 8,7921
WA12 9,9802
WA13 0,6748
WA13 9,6082
WA14 1,3101
WA14 2,5621
WA14 3,4388
WA14 4,6833
WA14 5,7747
WA15 0,4983
WA15 6,12652
WA15 7,10409
WA15 8,8834
WA15 9,5786
WA16 0,5896
WA16 6,2946
WA16 7,3308
WA16 8,7640
WA16 9,3754
WA2  0,17665
WA2  7,7446
WA2  8,5877
WA2  9,9804
WA3  1,3351
WA3  2,9830
WA3  3,10225
WA3  4,4627
WA3  5,4503
WA3  6,10612
WA3  7,4609
WA4  1,10003
WA4  2,13222
WA4  3,4203
WA4  4,3328
WA4  5,7246
WA4  6,8671
WA5  0,5958
WA5  1,13192
WA5  2,10146
WA5  3,11179
WA5  4,3913
WA5  7,1726
WA5  8,6847
WA5  9,5539
WA6  0,3853
WA6  6,4690
WA6  7,5451
WA6  8,2474
WA6  9,2457
WA7  1,6194
WA7  2,15518
WA7  3,3534
WA7  4,9182
WA7  5,13010
WA7  6,15833
WA8  0,3275
WA8  3,6701
WA8  4,6861
WA8  5,2003
WA8  6,7377
WA8  7,10689
WA8  8,12807
WA8  9,12221
WA9  1,5123
WA9  2,6723
WA9  3,11407
WA9  4,13584
WA9  5,12033
WC1A 1,268
WC1A 2,277
WC1B 3,1091
WC1B 4,576
WC1E 6,1281
WC1E 7,1001
WC1H 0,1283
WC1H 8,2872
WC1H 9,4173
WC1N 1,3196
WC1N 2,1623
WC1N 3,2476
WC1R 4,630
WC1V 6,367
WC1V 7,593
WC1X 0,3337
WC1X 8,311
WC1X 9,4305
WC2B 4,652
WC2B 5,1255
WC2E 7,641
WC2E 9,264
WC2H 0,778
WC2H 7,243
WC2H 8,197
WC2H 9,1273
WC2N 4,279
WC2N 5,463
WC2N 6,290
WD17 1,1087
WD17 2,3208
WD17 3,3886
WD17 4,7606
WD18 0,7819
WD18 6,4984
WD18 7,10891
WD18 8,640
WD19 4,9844
WD19 5,4861
WD19 6,7094
WD19 7,5576
WD23 1,5754
WD23 2,8118
WD23 3,5457
WD23 4,6311
WD24 4,4148
WD24 5,6759
WD24 6,5170
WD24 7,5538
WD25 0,8042
WD25 7,8271
WD25 8,1355
WD25 9,10140
WD3  1,4323
WD3  3,11575
WD3  4,3722
WD3  5,7451
WD3  6,1164
WD3  7,3560
WD3  8,6297
WD3  9,2574
WD4  8,7851
WD4  9,3401
WD5  0,11497
WD6  1,7324
WD6  2,8964
WD6  3,5422
WD6  4,8412
WD6  5,7423
WD7  7,2941
WD7  8,5222
WD7  9,4306
WF1  1,1152
WF1  2,7092
WF1  3,8823
WF1  4,10213
WF1  5,6617
WF10 1,2527
WF10 2,8967
WF10 3,12553
WF10 4,10919
WF10 5,10491
WF11 0,5997
WF11 8,6439
WF11 9,4548
WF12 0,9577
WF12 7,8101
WF12 8,6510
WF12 9,9788
WF13 1,1486
WF13 2,6386
WF13 3,11450
WF13 4,8140
WF14 0,7146
WF14 8,3909
WF14 9,8508
WF15 6,5161
WF15 7,7511
WF15 8,5025
WF16 0,4858
WF16 9,7765
WF17 0,8058
WF17 5,3378
WF17 6,7082
WF17 7,13043
WF17 8,6354
WF17 9,5804
WF2  0,11326
WF2  6,8118
WF2  7,8093
WF2  8,13722
WF2  9,9764
WF3  1,11377
WF3  2,5161
WF3  3,8734
WF3  4,7322
WF4  1,8746
WF4  2,6497
WF4  3,9232
WF4  4,8916
WF4  5,5122
WF4  6,4795
WF5  0,8703
WF5  8,6062
WF5  9,6466
WF6  1,11465
WF6  2,9852
WF7  5,6880
WF7  6,6403
WF7  7,6902
WF8  1,4512
WF8  2,14548
WF8  3,5944
WF8  4,7372
WF9  1,6813
WF9  2,10366
WF9  3,8533
WF9  4,8985
WF9  5,4548
WN1  1,436
WN1  2,9764
WN1  3,9839
WN2  1,8437
WN2  2,8153
WN2  3,9336
WN2  4,15466
WN2  5,11380
WN3  4,5558
WN3  5,11699
WN3  6,12669
WN4  0,9828
WN4  8,8906
WN4  9,10028
WN5  0,8414
WN5  7,11164
WN5  8,11161
WN5  9,13042
WN6  0,13250
WN6  7,9501
WN6  8,11968
WN6  9,5133
WN7  1,9084
WN7  2,10026
WN7  3,10142
WN7  4,7214
WN7  5,10916
WN8  0,6195
WN8  6,16697
WN8  7,4287
WN8  8,10296
WN8  9,8494
WR1  1,3814
WR1  2,1720
WR1  3,3421
WR10 1,6873
WR10 2,6009
WR10 3,4844
WR11 1,6851
WR11 2,6752
WR11 3,4079
WR11 4,7947
WR11 7,8478
WR11 8,7507
WR12 7,5436
WR13 5,3508
WR13 6,4687
WR14 1,11656
WR14 2,10989
WR14 3,6198
WR14 4,5364
WR15 8,7098
WR2  4,9780
WR2  5,11664
WR2  6,8455
WR3  7,11148
WR3  8,9324
WR4  0,10551
WR4  9,15485
WR5  1,10223
WR5  2,8397
WR5  3,12534
WR6  5,5057
WR6  6,7034
WR7  4,4984
WR8  0,5707
WR8  9,2812
WR9  0,5528
WR9  7,9794
WR9  8,11313
WR9  9,4393
WS1  1,413
WS1  2,7859
WS1  3,8977
WS1  4,10022
WS10 0,14197
WS10 7,5930
WS10 8,12757
WS10 9,13827
WS11 0,4269
WS11 1,8801
WS11 4,4475
WS11 5,7462
WS11 6,3927
WS11 7,4502
WS11 8,1678
WS11 9,7479
WS12 0,3360
WS12 1,4882
WS12 2,6544
WS12 3,5043
WS12 4,15579
WS13 6,8824
WS13 7,10948
WS13 8,6856
WS14 0,4466
WS14 9,12639
WS15 1,10108
WS15 2,14776
WS15 3,4121
WS15 4,7547
WS2  0,8580
WS2  7,8062
WS2  8,10737
WS2  9,11375
WS3  1,12472
WS3  2,13129
WS3  3,13625
WS3  4,8847
WS3  5,2024
WS4  1,12266
WS4  2,4539
WS5  3,9765
WS5  4,11702
WS6  6,9466
WS6  7,8717
WS7  0,3850
WS7  1,5182
WS7  2,5490
WS7  3,1507
WS7  4,7524
WS7  9,6314
WS8  6,6075
WS8  7,9511
WS9  0,9388
WS9  8,8659
WS9  9,8613
WV1  1,2472
WV1  2,9646
WV1  3,712
WV1  4,3709
WV10 0,11309
WV10 6,11675
WV10 7,7013
WV10 8,11952
WV10 9,14445
WV11 1,11937
WV11 2,10838
WV11 3,11796
WV12 4,10413
WV12 5,15236
WV13 1,5808
WV13 2,7124
WV13 3,7706
WV14 0,5950
WV14 6,8637
WV14 7,4361
WV14 8,14386
WV14 9,13835
WV15 5,3753
WV15 6,4186
WV16 4,7112
WV16 5,3360
WV16 6,6818
WV2  1,3155
WV2  2,5077
WV2  3,4166
WV2  4,2322
WV3  0,7321
WV3  7,6814
WV3  8,6739
WV3  9,8097
WV4  4,13379
WV4  5,11377
WV4  6,10366
WV5  0,5714
WV5  7,2770
WV5  8,4103
WV5  9,3296
WV6  0,13383
WV6  7,13382
WV6  8,10779
WV6  9,7451
WV7  3,7166
WV8  1,11192
WV8  2,4388
WV9  5,7231
YO1  6,1977
YO1  7,731
YO1  9,1806
YO10 3,12864
YO10 4,9027
YO10 5,8602
YO11 1,3970
YO11 2,7468
YO11 3,11461
YO12 4,9023
YO12 5,9707
YO12 6,10678
YO12 7,11436
YO13 0,5166
YO13 9,4945
YO14 0,5499
YO14 9,5757
YO15 1,3416
YO15 2,4695
YO15 3,5628
YO16 4,9530
YO16 6,7536
YO16 7,8409
YO17 6,2783
YO17 7,4888
YO17 8,5763
YO17 9,7780
YO18 7,5451
YO18 8,5309
YO19 4,1464
YO19 5,4410
YO19 6,7040
YO21 1,5938
YO21 2,3079
YO21 3,5115
YO22 4,5852
YO22 5,2876
YO23 1,8253
YO23 2,3906
YO23 3,6069
YO23 7,1096
YO24 1,5533
YO24 2,7515
YO24 3,8686
YO24 4,7922
YO25 3,2436
YO25 4,4730
YO25 5,7013
YO25 6,6067
YO25 8,5950
YO25 9,7114
YO26 4,6090
YO26 5,11758
YO26 6,5445
YO26 7,2092
YO26 8,2938
YO26 9,1879
YO30 1,2421
YO30 2,1800
YO30 4,2846
YO30 5,7543
YO30 6,9602
YO30 7,2399
YO31 0,6592
YO31 1,4632
YO31 7,5294
YO31 8,7104
YO31 9,6617
YO32 2,5195
YO32 3,6843
YO32 4,2737
YO32 5,6047
YO32 9,7448
YO41 1,6011
YO41 4,2148
YO41 5,2678
YO42 1,2093
YO42 2,8337
YO42 4,4129
YO43 3,7358
YO43 4,4930
YO51 9,5533
YO60 6,1636
YO60 7,3105
YO61 1,5216
YO61 2,1222
YO61 3,5295
YO61 4,2271
YO62 4,2952
YO62 5,2803
YO62 6,4444
YO62 7,1861
YO7  1,9247
YO7  2,2679
YO7  3,4591
YO7  4,3480
YO8  3,4439
YO8  4,6998
YO8  5,6557
YO8  6,5096
YO8  8,8413
YO8  9,12226
CF10 1,802
CF10 2,1727
CF10 3,1962
CF10 4,4064
CF10 5,6061
CF11 0,2253
CF11 6,12248
CF11 7,9896
CF11 8,3904
CF11 9,7757
CF14 0,5349
CF14 1,10205
CF14 2,10875
CF14 3,11994
CF14 4,9253
CF14 5,9547
CF14 6,9007
CF14 7,4627
CF14 9,6999
CF15 7,5543
CF15 8,6417
CF15 9,5863
CF23 5,10199
CF23 6,10743
CF23 7,8038
CF23 8,7353
CF23 9,10694
CF24 0,5420
CF24 1,5618
CF24 2,12926
CF24 3,11490
CF24 4,20071
CF24 5,335
CF3  0,12208
CF3  1,4686
CF3  2,3330
CF3  3,6885
CF3  4,5839
CF3  5,7939
CF3  6,1336
CF31 1,9200
CF31 2,11749
CF31 3,4298
CF31 4,13438
CF31 5,6198
CF32 0,4946
CF32 7,6195
CF32 8,7784
CF32 9,10980
CF33 4,7059
CF33 6,7405
CF34 0,10932
CF34 9,9680
CF35 5,5609
CF35 6,10543
CF36 3,9009
CF36 5,6996
CF37 1,10318
CF37 2,5515
CF37 3,7523
CF37 4,6874
CF37 5,8093
CF38 1,9923
CF38 2,13354
CF39 0,5521
CF39 8,15268
CF39 9,8137
CF40 1,9475
CF40 2,11113
CF41 7,10755
CF42 5,6047
CF42 6,7374
CF43 3,4546
CF43 4,7338
CF44 0,7817
CF44 6,9865
CF44 7,3662
CF44 8,9043
CF44 9,8824
CF45 3,10254
CF45 4,9299
CF46 5,6356
CF46 6,7924
CF47 0,7551
CF47 8,3215
CF47 9,11120
CF48 1,8997
CF48 2,6207
CF48 3,4270
CF48 4,7809
CF5  1,11402
CF5  2,9826
CF5  3,12152
CF5  4,16368
CF5  5,11368
CF5  6,4908
CF61 1,4798
CF61 2,5185
CF62 3,6907
CF62 4,5133
CF62 5,2658
CF62 6,5802
CF62 7,7271
CF62 8,7265
CF62 9,6410
CF63 1,9265
CF63 2,5437
CF63 3,1404
CF63 4,5818
CF64 1,5355
CF64 2,8190
CF64 3,8460
CF64 4,7799
CF64 5,6770
CF71 7,9049
CF72 8,10908
CF72 9,14649
CF81 8,8258
CF81 9,8173
CF82 6,835
CF82 7,13377
CF82 8,6021
CF83 1,12523
CF83 2,12869
CF83 3,12293
CF83 4,6799
CF83 8,10758
LD1  5,5517
LD1  6,5824
LD2  3,5688
LD3  0,4255
LD3  7,5283
LD3  8,4502
LD3  9,5201
LD4  4,769
LD5  4,1106
LD6  5,2681
LD7  1,4812
LD8  2,4154
LL11 1,699
LL11 2,7581
LL11 3,7063
LL11 4,9276
LL11 5,6878
LL11 6,6840
LL12 0,8045
LL12 7,7428
LL12 8,7707
LL12 9,5146
LL13 0,7979
LL13 7,7956
LL13 8,8042
LL13 9,10888
LL14 1,4722
LL14 2,8361
LL14 3,7051
LL14 4,4135
LL14 5,5031
LL14 6,4124
LL15 1,7312
LL15 2,3520
LL16 3,6694
LL16 4,4815
LL16 5,4339
LL17 0,5276
LL18 1,3942
LL18 2,8472
LL18 3,4661
LL18 4,10628
LL18 5,9760
LL18 6,3089
LL19 7,7107
LL19 8,7757
LL19 9,5060
LL20 7,4741
LL20 8,3576
LL21 0,2300
LL21 9,3766
LL22 7,8104
LL22 8,5448
LL22 9,4148
LL23 7,4362
LL24 0,1939
LL25 0,474
LL26 0,4577
LL27 0,783
LL28 4,8157
LL28 5,6000
LL29 6,1943
LL29 7,4397
LL29 8,6315
LL29 9,7672
LL30 1,9621
LL30 2,7386
LL30 3,4879
LL31 9,9473
LL32 8,6518
LL33 0,3877
LL34 6,4353
LL35 0,878
LL36 0,1501
LL36 9,3174
LL37 2,526
LL38 2,721
LL39 1,310
LL40 1,2141
LL40 2,1991
LL41 3,3004
LL41 4,3475
LL42 1,2522
LL43 2,467
LL44 2,1073
LL45 2,645
LL46 2,1900
LL47 6,550
LL48 6,2587
LL49 9,4651
LL51 9,630
LL52 0,2652
LL53 5,4618
LL53 6,5578
LL53 7,3475
LL53 8,3552
LL54 5,3267
LL54 6,4135
LL54 7,3840
LL55 1,5170
LL55 2,6804
LL55 3,3137
LL55 4,6582
LL56 4,2284
LL57 1,6111
LL57 2,9872
LL57 3,5624
LL57 4,6076
LL58 8,3858
LL59 5,5630
LL60 6,3149
LL61 5,3107
LL61 6,2944
LL62 5,1704
LL63 5,1370
LL64 5,1008
LL65 1,5358
LL65 2,8301
LL65 3,6525
LL65 4,3490
LL67 0,1357
LL68 0,1293
LL68 9,5092
LL69 9,595
LL70 9,354
LL71 7,227
LL71 8,1499
LL72 8,710
LL73 8,254
LL74 8,2236
LL75 8,1491
LL76 8,324
LL77 7,7366
LL78 8,509
NP10 0,1497
NP10 8,12113
NP10 9,9591
NP11 3,4938
NP11 4,5779
NP11 5,6609
NP11 6,11371
NP11 7,9099
NP12 0,8020
NP12 1,8496
NP12 2,8849
NP12 3,8159
NP13 1,8778
NP13 2,6241
NP13 3,4808
NP15 1,5410
NP15 2,2456
NP16 5,11395
NP16 6,6907
NP16 7,5653
NP18 1,4796
NP18 2,6318
NP18 3,6163
NP19 0,10862
NP19 4,4917
NP19 7,12838
NP19 8,9322
NP19 9,13684
NP20 1,692
NP20 2,7516
NP20 3,10983
NP20 4,6510
NP20 5,9485
NP20 6,7997
NP20 7,7606
NP22 3,7673
NP22 4,7430
NP22 5,6921
NP23 4,10165
NP23 5,10748
NP23 6,8419
NP23 7,2739
NP23 8,1434
NP24 6,4966
NP25 3,5329
NP25 4,3486
NP25 5,6349
NP26 3,9305
NP26 4,7669
NP26 5,5547
NP4  0,7833
NP4  5,9299
NP4  6,7191
NP4  7,6882
NP4  8,8277
NP4  9,6055
NP44 1,8280
NP44 2,5440
NP44 3,7181
NP44 4,6680
NP44 5,5788
NP44 6,5172
NP44 7,5273
NP44 8,3361
NP7  0,3899
NP7  5,4705
NP7  6,5831
NP7  7,3030
NP7  8,3164
NP7  9,5442
NP8  1,5547
SA1  1,3290
SA1  2,5442
SA1  3,3863
SA1  4,4626
SA1  5,446
SA1  6,15499
SA1  7,6425
SA1  8,7490
SA10 6,9267
SA10 7,10133
SA10 8,6573
SA10 9,3854
SA11 1,6143
SA11 2,10046
SA11 3,11479
SA11 4,3135
SA11 5,5785
SA12 6,10613
SA12 7,8459
SA12 8,6819
SA12 9,6767
SA13 1,5893
SA13 2,8487
SA13 3,5283
SA14 6,6834
SA14 7,6239
SA14 8,12891
SA14 9,7999
SA15 1,9615
SA15 2,8384
SA15 3,6993
SA15 4,5367
SA15 5,6377
SA16 0,8547
SA17 4,6168
SA17 5,3239
SA18 1,9580
SA18 2,9000
SA18 3,11107
SA19 6,2971
SA19 7,2686
SA19 8,2206
SA19 9,1531
SA2  0,13646
SA2  7,11699
SA2  8,6194
SA2  9,6847
SA20 0,3574
SA3  1,3159
SA3  2,2800
SA3  3,3676
SA3  4,7451
SA3  5,9149
SA31 1,5748
SA31 2,3883
SA31 3,7292
SA32 7,4066
SA32 8,3692
SA33 4,5366
SA33 5,2920
SA33 6,4060
SA34 0,5398
SA35 0,715
SA36 0,395
SA37 0,1287
SA38 9,4761
SA39 9,2321
SA4  0,3089
SA4  3,10430
SA4  4,11061
SA4  6,7363
SA4  8,6701
SA4  9,5712
SA40 9,3580
SA41 3,1882
SA42 0,2306
SA43 1,4705
SA43 2,5213
SA43 3,2617
SA44 4,3862
SA44 5,4959
SA44 6,2669
SA45 9,1730
SA46 0,2732
SA47 0,1250
SA48 7,4556
SA48 8,4395
SA5  4,5523
SA5  5,8074
SA5  7,6142
SA5  8,8446
SA5  9,8275
SA6  5,8925
SA6  6,13362
SA6  7,7331
SA6  8,4564
SA61 1,8041
SA61 2,6221
SA62 3,5169
SA62 4,4481
SA62 5,5626
SA62 6,6056
SA63 4,1112
SA64 0,2462
SA65 9,4379
SA66 7,3021
SA67 7,2316
SA67 8,4614
SA68 0,4305
SA69 9,3534
SA7  0,2046
SA7  9,13072
SA70 7,3225
SA70 8,6506
SA71 4,5636
SA71 5,4636
SA72 4,828
SA72 6,9753
SA73 1,8276
SA73 2,6832
SA73 3,5246
SA8  3,4769
SA8  4,7787
SA9  1,7898
SA9  2,7281
